rotulo,turma,execucao,criterio,nota
9A-01,9A,run-1,adequacao_ling,4
9A-01,9A,run-1,adequacao_tema,7
9A-01,9A,run-1,coesao_coerencia,5
9A-01,9A,run-1,estrutura_textual,4
9A-01,9A,run-1,vocabulario,4
9A-01,9A,run-2,adequacao_ling,5
9A-01,9A,run-2,adequacao_tema,8
9A-01,9A,run-2,coesao_coerencia,5
9A-01,9A,run-2,estrutura_textual,5
9A-01,9A,run-2,vocabulario,6
9A-01,9A,run-3,adequacao_ling,5
9A-01,9A,run-3,adequacao_tema,8
9A-01,9A,run-3,coesao_coerencia,6
9A-01,9A,run-3,estrutura_textual,5
9A-01,9A,run-3,vocabulario,5
9A-01,9A,run-4,adequacao_ling,6
9A-01,9A,run-4,adequacao_tema,9
9A-01,9A,run-4,coesao_coerencia,7
9A-01,9A,run-4,estrutura_textual,6
9A-01,9A,run-4,vocabulario,6
9A-01,9A,run-5,adequacao_ling,4
9A-01,9A,run-5,adequacao_tema,7
9A-01,9A,run-5,coesao_coerencia,5
9A-01,9A,run-5,estrutura_textual,5
9A-01,9A,run-5,vocabulario,6
9A-02,9A,run-1,adequacao_ling,1
9A-02,9A,run-1,adequacao_tema,2
9A-02,9A,run-1,coesao_coerencia,1
9A-02,9A,run-1,estrutura_textual,1
9A-02,9A,run-1,vocabulario,1
9A-02,9A,run-2,adequacao_ling,1
9A-02,9A,run-2,adequacao_tema,2
9A-02,9A,run-2,coesao_coerencia,1
9A-02,9A,run-2,estrutura_textual,1
9A-02,9A,run-2,vocabulario,1
9A-02,9A,run-3,adequacao_ling,1
9A-02,9A,run-3,adequacao_tema,1
9A-02,9A,run-3,coesao_coerencia,1
9A-02,9A,run-3,estrutura_textual,1
9A-02,9A,run-3,vocabulario,1
9A-02,9A,run-4,adequacao_ling,1
9A-02,9A,run-4,adequacao_tema,2
9A-02,9A,run-4,coesao_coerencia,1
9A-02,9A,run-4,estrutura_textual,1
9A-02,9A,run-4,vocabulario,2
9A-02,9A,run-5,adequacao_ling,1
9A-02,9A,run-5,adequacao_tema,2
9A-02,9A,run-5,coesao_coerencia,1
9A-02,9A,run-5,estrutura_textual,1
9A-02,9A,run-5,vocabulario,2
9A-03,9A,run-1,adequacao_ling,2
9A-03,9A,run-1,adequacao_tema,4
9A-03,9A,run-1,coesao_coerencia,2
9A-03,9A,run-1,estrutura_textual,2
9A-03,9A,run-1,vocabulario,3
9A-03,9A,run-2,adequacao_ling,2
9A-03,9A,run-2,adequacao_tema,3
9A-03,9A,run-2,coesao_coerencia,2
9A-03,9A,run-2,estrutura_textual,2
9A-03,9A,run-2,vocabulario,3
9A-03,9A,run-3,adequacao_ling,2
9A-03,9A,run-3,adequacao_tema,4
9A-03,9A,run-3,coesao_coerencia,3
9A-03,9A,run-3,estrutura_textual,2
9A-03,9A,run-3,vocabulario,3
9A-03,9A,run-4,adequacao_ling,2
9A-03,9A,run-4,adequacao_tema,4
9A-03,9A,run-4,coesao_coerencia,2
9A-03,9A,run-4,estrutura_textual,2
9A-03,9A,run-4,vocabulario,3
9A-03,9A,run-5,adequacao_ling,2
9A-03,9A,run-5,adequacao_tema,3
9A-03,9A,run-5,coesao_coerencia,2
9A-03,9A,run-5,estrutura_textual,2
9A-03,9A,run-5,vocabulario,3
9A-04,9A,run-1,adequacao_ling,1
9A-04,9A,run-1,adequacao_tema,3
9A-04,9A,run-1,coesao_coerencia,1
9A-04,9A,run-1,estrutura_textual,1
9A-04,9A,run-1,vocabulario,1
9A-04,9A,run-2,adequacao_ling,1
9A-04,9A,run-2,adequacao_tema,3
9A-04,9A,run-2,coesao_coerencia,1
9A-04,9A,run-2,estrutura_textual,2
9A-04,9A,run-2,vocabulario,2
9A-04,9A,run-3,adequacao_ling,1
9A-04,9A,run-3,adequacao_tema,3
9A-04,9A,run-3,coesao_coerencia,1
9A-04,9A,run-3,estrutura_textual,2
9A-04,9A,run-3,vocabulario,2
9A-04,9A,run-4,adequacao_ling,2
9A-04,9A,run-4,adequacao_tema,3
9A-04,9A,run-4,coesao_coerencia,2
9A-04,9A,run-4,estrutura_textual,2
9A-04,9A,run-4,vocabulario,2
9A-04,9A,run-5,adequacao_ling,1
9A-04,9A,run-5,adequacao_tema,2
9A-04,9A,run-5,coesao_coerencia,1
9A-04,9A,run-5,estrutura_textual,1
9A-04,9A,run-5,vocabulario,1
9A-05,9A,run-1,adequacao_ling,2
9A-05,9A,run-1,adequacao_tema,4
9A-05,9A,run-1,coesao_coerencia,2
9A-05,9A,run-1,estrutura_textual,2
9A-05,9A,run-1,vocabulario,2
9A-05,9A,run-2,adequacao_ling,2
9A-05,9A,run-2,adequacao_tema,4
9A-05,9A,run-2,coesao_coerencia,2
9A-05,9A,run-2,estrutura_textual,2
9A-05,9A,run-2,vocabulario,2
9A-05,9A,run-3,adequacao_ling,2
9A-05,9A,run-3,adequacao_tema,4
9A-05,9A,run-3,coesao_coerencia,2
9A-05,9A,run-3,estrutura_textual,2
9A-05,9A,run-3,vocabulario,2
9A-05,9A,run-4,adequacao_ling,2
9A-05,9A,run-4,adequacao_tema,4
9A-05,9A,run-4,coesao_coerencia,2
9A-05,9A,run-4,estrutura_textual,3
9A-05,9A,run-4,vocabulario,3
9A-05,9A,run-5,adequacao_ling,1
9A-05,9A,run-5,adequacao_tema,3
9A-05,9A,run-5,coesao_coerencia,2
9A-05,9A,run-5,estrutura_textual,2
9A-05,9A,run-5,vocabulario,2
9A-06,9A,run-1,adequacao_ling,3
9A-06,9A,run-1,adequacao_tema,4
9A-06,9A,run-1,coesao_coerencia,2
9A-06,9A,run-1,estrutura_textual,2
9A-06,9A,run-1,vocabulario,3
9A-06,9A,run-2,adequacao_ling,3
9A-06,9A,run-2,adequacao_tema,6
9A-06,9A,run-2,coesao_coerencia,4
9A-06,9A,run-2,estrutura_textual,3
9A-06,9A,run-2,vocabulario,4
9A-06,9A,run-3,adequacao_ling,3
9A-06,9A,run-3,adequacao_tema,6
9A-06,9A,run-3,coesao_coerencia,3
9A-06,9A,run-3,estrutura_textual,3
9A-06,9A,run-3,vocabulario,3
9A-06,9A,run-4,adequacao_ling,3
9A-06,9A,run-4,adequacao_tema,6
9A-06,9A,run-4,coesao_coerencia,3
9A-06,9A,run-4,estrutura_textual,4
9A-06,9A,run-4,vocabulario,3
9A-06,9A,run-5,adequacao_ling,2
9A-06,9A,run-5,adequacao_tema,4
9A-06,9A,run-5,coesao_coerencia,3
9A-06,9A,run-5,estrutura_textual,2
9A-06,9A,run-5,vocabulario,3
9A-07,9A,run-1,adequacao_ling,4
9A-07,9A,run-1,adequacao_tema,7
9A-07,9A,run-1,coesao_coerencia,5
9A-07,9A,run-1,estrutura_textual,5
9A-07,9A,run-1,vocabulario,5
9A-07,9A,run-2,adequacao_ling,3
9A-07,9A,run-2,adequacao_tema,6
9A-07,9A,run-2,coesao_coerencia,4
9A-07,9A,run-2,estrutura_textual,3
9A-07,9A,run-2,vocabulario,5
9A-07,9A,run-3,adequacao_ling,3
9A-07,9A,run-3,adequacao_tema,6
9A-07,9A,run-3,coesao_coerencia,3
9A-07,9A,run-3,estrutura_textual,3
9A-07,9A,run-3,vocabulario,4
9A-07,9A,run-4,adequacao_ling,4
9A-07,9A,run-4,adequacao_tema,7
9A-07,9A,run-4,coesao_coerencia,4
9A-07,9A,run-4,estrutura_textual,4
9A-07,9A,run-4,vocabulario,5
9A-07,9A,run-5,adequacao_ling,4
9A-07,9A,run-5,adequacao_tema,6
9A-07,9A,run-5,coesao_coerencia,4
9A-07,9A,run-5,estrutura_textual,3
9A-07,9A,run-5,vocabulario,5
9A-08,9A,run-1,adequacao_ling,2
9A-08,9A,run-1,adequacao_tema,2
9A-08,9A,run-1,coesao_coerencia,1
9A-08,9A,run-1,estrutura_textual,1
9A-08,9A,run-1,vocabulario,2
9A-08,9A,run-2,adequacao_ling,1
9A-08,9A,run-2,adequacao_tema,3
9A-08,9A,run-2,coesao_coerencia,1
9A-08,9A,run-2,estrutura_textual,2
9A-08,9A,run-2,vocabulario,2
9A-08,9A,run-3,adequacao_ling,2
9A-08,9A,run-3,adequacao_tema,2
9A-08,9A,run-3,coesao_coerencia,1
9A-08,9A,run-3,estrutura_textual,1
9A-08,9A,run-3,vocabulario,3
9A-08,9A,run-4,adequacao_ling,1
9A-08,9A,run-4,adequacao_tema,1
9A-08,9A,run-4,coesao_coerencia,1
9A-08,9A,run-4,estrutura_textual,1
9A-08,9A,run-4,vocabulario,1
9A-08,9A,run-5,adequacao_ling,2
9A-08,9A,run-5,adequacao_tema,2
9A-08,9A,run-5,coesao_coerencia,1
9A-08,9A,run-5,estrutura_textual,1
9A-08,9A,run-5,vocabulario,2
9A-09,9A,run-1,adequacao_ling,1
9A-09,9A,run-1,adequacao_tema,3
9A-09,9A,run-1,coesao_coerencia,2
9A-09,9A,run-1,estrutura_textual,2
9A-09,9A,run-1,vocabulario,2
9A-09,9A,run-2,adequacao_ling,2
9A-09,9A,run-2,adequacao_tema,4
9A-09,9A,run-2,coesao_coerencia,3
9A-09,9A,run-2,estrutura_textual,3
9A-09,9A,run-2,vocabulario,2
9A-09,9A,run-3,adequacao_ling,1
9A-09,9A,run-3,adequacao_tema,3
9A-09,9A,run-3,coesao_coerencia,2
9A-09,9A,run-3,estrutura_textual,2
9A-09,9A,run-3,vocabulario,1
9A-09,9A,run-4,adequacao_ling,2
9A-09,9A,run-4,adequacao_tema,5
9A-09,9A,run-4,coesao_coerencia,3
9A-09,9A,run-4,estrutura_textual,4
9A-09,9A,run-4,vocabulario,3
9A-09,9A,run-5,adequacao_ling,2
9A-09,9A,run-5,adequacao_tema,3
9A-09,9A,run-5,coesao_coerencia,2
9A-09,9A,run-5,estrutura_textual,2
9A-09,9A,run-5,vocabulario,2
9A-10,9A,run-1,adequacao_ling,4
9A-10,9A,run-1,adequacao_tema,6
9A-10,9A,run-1,coesao_coerencia,4
9A-10,9A,run-1,estrutura_textual,4
9A-10,9A,run-1,vocabulario,4
9A-10,9A,run-2,adequacao_ling,3
9A-10,9A,run-2,adequacao_tema,6
9A-10,9A,run-2,coesao_coerencia,3
9A-10,9A,run-2,estrutura_textual,2
9A-10,9A,run-2,vocabulario,3
9A-10,9A,run-3,adequacao_ling,3
9A-10,9A,run-3,adequacao_tema,5
9A-10,9A,run-3,coesao_coerencia,3
9A-10,9A,run-3,estrutura_textual,3
9A-10,9A,run-3,vocabulario,3
9A-10,9A,run-4,adequacao_ling,3
9A-10,9A,run-4,adequacao_tema,6
9A-10,9A,run-4,coesao_coerencia,4
9A-10,9A,run-4,estrutura_textual,3
9A-10,9A,run-4,vocabulario,4
9A-10,9A,run-5,adequacao_ling,4
9A-10,9A,run-5,adequacao_tema,6
9A-10,9A,run-5,coesao_coerencia,3
9A-10,9A,run-5,estrutura_textual,3
9A-10,9A,run-5,vocabulario,4
9A-11,9A,run-1,adequacao_ling,1
9A-11,9A,run-1,adequacao_tema,3
9A-11,9A,run-1,coesao_coerencia,2
9A-11,9A,run-1,estrutura_textual,2
9A-11,9A,run-1,vocabulario,2
9A-11,9A,run-2,adequacao_ling,1
9A-11,9A,run-2,adequacao_tema,2
9A-11,9A,run-2,coesao_coerencia,1
9A-11,9A,run-2,estrutura_textual,1
9A-11,9A,run-2,vocabulario,1
9A-11,9A,run-3,adequacao_ling,2
9A-11,9A,run-3,adequacao_tema,4
9A-11,9A,run-3,coesao_coerencia,2
9A-11,9A,run-3,estrutura_textual,2
9A-11,9A,run-3,vocabulario,2
9A-11,9A,run-4,adequacao_ling,1
9A-11,9A,run-4,adequacao_tema,4
9A-11,9A,run-4,coesao_coerencia,2
9A-11,9A,run-4,estrutura_textual,2
9A-11,9A,run-4,vocabulario,2
9A-11,9A,run-5,adequacao_ling,1
9A-11,9A,run-5,adequacao_tema,3
9A-11,9A,run-5,coesao_coerencia,2
9A-11,9A,run-5,estrutura_textual,1
9A-11,9A,run-5,vocabulario,2
9A-12,9A,run-1,adequacao_ling,0
9A-12,9A,run-1,adequacao_tema,0
9A-12,9A,run-1,coesao_coerencia,0
9A-12,9A,run-1,estrutura_textual,0
9A-12,9A,run-1,vocabulario,1
9A-12,9A,run-2,adequacao_ling,0
9A-12,9A,run-2,adequacao_tema,1
9A-12,9A,run-2,coesao_coerencia,0
9A-12,9A,run-2,estrutura_textual,0
9A-12,9A,run-2,vocabulario,1
9A-12,9A,run-3,adequacao_ling,0
9A-12,9A,run-3,adequacao_tema,0
9A-12,9A,run-3,coesao_coerencia,0
9A-12,9A,run-3,estrutura_textual,0
9A-12,9A,run-3,vocabulario,0
9A-12,9A,run-4,adequacao_ling,0
9A-12,9A,run-4,adequacao_tema,0
9A-12,9A,run-4,coesao_coerencia,0
9A-12,9A,run-4,estrutura_textual,0
9A-12,9A,run-4,vocabulario,0
9A-12,9A,run-5,adequacao_ling,0
9A-12,9A,run-5,adequacao_tema,0
9A-12,9A,run-5,coesao_coerencia,0
9A-12,9A,run-5,estrutura_textual,0
9A-12,9A,run-5,vocabulario,0
9A-13,9A,run-1,adequacao_ling,2
9A-13,9A,run-1,adequacao_tema,4
9A-13,9A,run-1,coesao_coerencia,3
9A-13,9A,run-1,estrutura_textual,2
9A-13,9A,run-1,vocabulario,3
9A-13,9A,run-2,adequacao_ling,2
9A-13,9A,run-2,adequacao_tema,5
9A-13,9A,run-2,coesao_coerencia,3
9A-13,9A,run-2,estrutura_textual,2
9A-13,9A,run-2,vocabulario,2
9A-13,9A,run-3,adequacao_ling,2
9A-13,9A,run-3,adequacao_tema,4
9A-13,9A,run-3,coesao_coerencia,3
9A-13,9A,run-3,estrutura_textual,2
9A-13,9A,run-3,vocabulario,3
9A-13,9A,run-4,adequacao_ling,3
9A-13,9A,run-4,adequacao_tema,6
9A-13,9A,run-4,coesao_coerencia,4
9A-13,9A,run-4,estrutura_textual,3
9A-13,9A,run-4,vocabulario,3
9A-13,9A,run-5,adequacao_ling,3
9A-13,9A,run-5,adequacao_tema,5
9A-13,9A,run-5,coesao_coerencia,4
9A-13,9A,run-5,estrutura_textual,3
9A-13,9A,run-5,vocabulario,3
9A-14,9A,run-1,adequacao_ling,3
9A-14,9A,run-1,adequacao_tema,6
9A-14,9A,run-1,coesao_coerencia,4
9A-14,9A,run-1,estrutura_textual,4
9A-14,9A,run-1,vocabulario,4
9A-14,9A,run-2,adequacao_ling,3
9A-14,9A,run-2,adequacao_tema,6
9A-14,9A,run-2,coesao_coerencia,4
9A-14,9A,run-2,estrutura_textual,4
9A-14,9A,run-2,vocabulario,3
9A-14,9A,run-3,adequacao_ling,3
9A-14,9A,run-3,adequacao_tema,6
9A-14,9A,run-3,coesao_coerencia,4
9A-14,9A,run-3,estrutura_textual,3
9A-14,9A,run-3,vocabulario,3
9A-14,9A,run-4,adequacao_ling,3
9A-14,9A,run-4,adequacao_tema,6
9A-14,9A,run-4,coesao_coerencia,4
9A-14,9A,run-4,estrutura_textual,3
9A-14,9A,run-4,vocabulario,4
9A-14,9A,run-5,adequacao_ling,3
9A-14,9A,run-5,adequacao_tema,6
9A-14,9A,run-5,coesao_coerencia,4
9A-14,9A,run-5,estrutura_textual,4
9A-14,9A,run-5,vocabulario,4
9A-15,9A,run-1,adequacao_ling,3
9A-15,9A,run-1,adequacao_tema,7
9A-15,9A,run-1,coesao_coerencia,4
9A-15,9A,run-1,estrutura_textual,4
9A-15,9A,run-1,vocabulario,4
9A-15,9A,run-2,adequacao_ling,3
9A-15,9A,run-2,adequacao_tema,6
9A-15,9A,run-2,coesao_coerencia,4
9A-15,9A,run-2,estrutura_textual,3
9A-15,9A,run-2,vocabulario,3
9A-15,9A,run-3,adequacao_ling,3
9A-15,9A,run-3,adequacao_tema,7
9A-15,9A,run-3,coesao_coerencia,4
9A-15,9A,run-3,estrutura_textual,4
9A-15,9A,run-3,vocabulario,4
9A-15,9A,run-4,adequacao_ling,4
9A-15,9A,run-4,adequacao_tema,7
9A-15,9A,run-4,coesao_coerencia,5
9A-15,9A,run-4,estrutura_textual,4
9A-15,9A,run-4,vocabulario,5
9A-15,9A,run-5,adequacao_ling,3
9A-15,9A,run-5,adequacao_tema,6
9A-15,9A,run-5,coesao_coerencia,5
9A-15,9A,run-5,estrutura_textual,3
9A-15,9A,run-5,vocabulario,4
9A-16,9A,run-1,adequacao_ling,2
9A-16,9A,run-1,adequacao_tema,5
9A-16,9A,run-1,coesao_coerencia,3
9A-16,9A,run-1,estrutura_textual,3
9A-16,9A,run-1,vocabulario,3
9A-16,9A,run-2,adequacao_ling,2
9A-16,9A,run-2,adequacao_tema,7
9A-16,9A,run-2,coesao_coerencia,3
9A-16,9A,run-2,estrutura_textual,3
9A-16,9A,run-2,vocabulario,3
9A-16,9A,run-3,adequacao_ling,2
9A-16,9A,run-3,adequacao_tema,6
9A-16,9A,run-3,coesao_coerencia,2
9A-16,9A,run-3,estrutura_textual,2
9A-16,9A,run-3,vocabulario,3
9A-16,9A,run-4,adequacao_ling,1
9A-16,9A,run-4,adequacao_tema,5
9A-16,9A,run-4,coesao_coerencia,2
9A-16,9A,run-4,estrutura_textual,2
9A-16,9A,run-4,vocabulario,2
9A-16,9A,run-5,adequacao_ling,2
9A-16,9A,run-5,adequacao_tema,5
9A-16,9A,run-5,coesao_coerencia,2
9A-16,9A,run-5,estrutura_textual,2
9A-16,9A,run-5,vocabulario,3
9A-17,9A,run-1,adequacao_ling,5
9A-17,9A,run-1,adequacao_tema,7
9A-17,9A,run-1,coesao_coerencia,6
9A-17,9A,run-1,estrutura_textual,5
9A-17,9A,run-1,vocabulario,7
9A-17,9A,run-2,adequacao_ling,5
9A-17,9A,run-2,adequacao_tema,7
9A-17,9A,run-2,coesao_coerencia,6
9A-17,9A,run-2,estrutura_textual,5
9A-17,9A,run-2,vocabulario,6
9A-17,9A,run-3,adequacao_ling,5
9A-17,9A,run-3,adequacao_tema,8
9A-17,9A,run-3,coesao_coerencia,6
9A-17,9A,run-3,estrutura_textual,6
9A-17,9A,run-3,vocabulario,6
9A-17,9A,run-4,adequacao_ling,5
9A-17,9A,run-4,adequacao_tema,8
9A-17,9A,run-4,coesao_coerencia,6
9A-17,9A,run-4,estrutura_textual,5
9A-17,9A,run-4,vocabulario,6
9A-17,9A,run-5,adequacao_ling,4
9A-17,9A,run-5,adequacao_tema,8
9A-17,9A,run-5,coesao_coerencia,5
9A-17,9A,run-5,estrutura_textual,4
9A-17,9A,run-5,vocabulario,5
9A-18,9A,run-1,adequacao_ling,2
9A-18,9A,run-1,adequacao_tema,4
9A-18,9A,run-1,coesao_coerencia,3
9A-18,9A,run-1,estrutura_textual,3
9A-18,9A,run-1,vocabulario,2
9A-18,9A,run-2,adequacao_ling,2
9A-18,9A,run-2,adequacao_tema,5
9A-18,9A,run-2,coesao_coerencia,2
9A-18,9A,run-2,estrutura_textual,3
9A-18,9A,run-2,vocabulario,2
9A-18,9A,run-3,adequacao_ling,2
9A-18,9A,run-3,adequacao_tema,5
9A-18,9A,run-3,coesao_coerencia,2
9A-18,9A,run-3,estrutura_textual,3
9A-18,9A,run-3,vocabulario,2
9A-18,9A,run-4,adequacao_ling,2
9A-18,9A,run-4,adequacao_tema,5
9A-18,9A,run-4,coesao_coerencia,3
9A-18,9A,run-4,estrutura_textual,4
9A-18,9A,run-4,vocabulario,3
9A-18,9A,run-5,adequacao_ling,2
9A-18,9A,run-5,adequacao_tema,5
9A-18,9A,run-5,coesao_coerencia,2
9A-18,9A,run-5,estrutura_textual,2
9A-18,9A,run-5,vocabulario,3
9A-19,9A,run-1,adequacao_ling,4
9A-19,9A,run-1,adequacao_tema,7
9A-19,9A,run-1,coesao_coerencia,5
9A-19,9A,run-1,estrutura_textual,5
9A-19,9A,run-1,vocabulario,4
9A-19,9A,run-2,adequacao_ling,3
9A-19,9A,run-2,adequacao_tema,7
9A-19,9A,run-2,coesao_coerencia,4
9A-19,9A,run-2,estrutura_textual,4
9A-19,9A,run-2,vocabulario,4
9A-19,9A,run-3,adequacao_ling,4
9A-19,9A,run-3,adequacao_tema,7
9A-19,9A,run-3,coesao_coerencia,4
9A-19,9A,run-3,estrutura_textual,4
9A-19,9A,run-3,vocabulario,5
9A-19,9A,run-4,adequacao_ling,3
9A-19,9A,run-4,adequacao_tema,6
9A-19,9A,run-4,coesao_coerencia,4
9A-19,9A,run-4,estrutura_textual,3
9A-19,9A,run-4,vocabulario,4
9A-19,9A,run-5,adequacao_ling,4
9A-19,9A,run-5,adequacao_tema,7
9A-19,9A,run-5,coesao_coerencia,4
9A-19,9A,run-5,estrutura_textual,4
9A-19,9A,run-5,vocabulario,4
9A-20,9A,run-1,adequacao_ling,3
9A-20,9A,run-1,adequacao_tema,5
9A-20,9A,run-1,coesao_coerencia,3
9A-20,9A,run-1,estrutura_textual,3
9A-20,9A,run-1,vocabulario,3
9A-20,9A,run-2,adequacao_ling,2
9A-20,9A,run-2,adequacao_tema,4
9A-20,9A,run-2,coesao_coerencia,2
9A-20,9A,run-2,estrutura_textual,2
9A-20,9A,run-2,vocabulario,2
9A-20,9A,run-3,adequacao_ling,2
9A-20,9A,run-3,adequacao_tema,5
9A-20,9A,run-3,coesao_coerencia,3
9A-20,9A,run-3,estrutura_textual,2
9A-20,9A,run-3,vocabulario,3
9A-20,9A,run-4,adequacao_ling,2
9A-20,9A,run-4,adequacao_tema,4
9A-20,9A,run-4,coesao_coerencia,2
9A-20,9A,run-4,estrutura_textual,2
9A-20,9A,run-4,vocabulario,2
9A-20,9A,run-5,adequacao_ling,2
9A-20,9A,run-5,adequacao_tema,5
9A-20,9A,run-5,coesao_coerencia,3
9A-20,9A,run-5,estrutura_textual,2
9A-20,9A,run-5,vocabulario,3
9A-21,9A,run-1,adequacao_ling,7
9A-21,9A,run-1,adequacao_tema,7
9A-21,9A,run-1,coesao_coerencia,6
9A-21,9A,run-1,estrutura_textual,5
9A-21,9A,run-1,vocabulario,8
9A-21,9A,run-2,adequacao_ling,7
9A-21,9A,run-2,adequacao_tema,6
9A-21,9A,run-2,coesao_coerencia,5
9A-21,9A,run-2,estrutura_textual,3
9A-21,9A,run-2,vocabulario,7
9A-21,9A,run-3,adequacao_ling,7
9A-21,9A,run-3,adequacao_tema,6
9A-21,9A,run-3,coesao_coerencia,5
9A-21,9A,run-3,estrutura_textual,3
9A-21,9A,run-3,vocabulario,7
9A-21,9A,run-4,adequacao_ling,7
9A-21,9A,run-4,adequacao_tema,6
9A-21,9A,run-4,coesao_coerencia,6
9A-21,9A,run-4,estrutura_textual,4
9A-21,9A,run-4,vocabulario,8
9A-21,9A,run-5,adequacao_ling,6
9A-21,9A,run-5,adequacao_tema,7
9A-21,9A,run-5,coesao_coerencia,5
9A-21,9A,run-5,estrutura_textual,3
9A-21,9A,run-5,vocabulario,7
9A-22,9A,run-1,adequacao_ling,5
9A-22,9A,run-1,adequacao_tema,7
9A-22,9A,run-1,coesao_coerencia,5
9A-22,9A,run-1,estrutura_textual,5
9A-22,9A,run-1,vocabulario,6
9A-22,9A,run-2,adequacao_ling,5
9A-22,9A,run-2,adequacao_tema,6
9A-22,9A,run-2,coesao_coerencia,4
9A-22,9A,run-2,estrutura_textual,4
9A-22,9A,run-2,vocabulario,6
9A-22,9A,run-3,adequacao_ling,5
9A-22,9A,run-3,adequacao_tema,6
9A-22,9A,run-3,coesao_coerencia,4
9A-22,9A,run-3,estrutura_textual,3
9A-22,9A,run-3,vocabulario,5
9A-22,9A,run-4,adequacao_ling,6
9A-22,9A,run-4,adequacao_tema,6
9A-22,9A,run-4,coesao_coerencia,5
9A-22,9A,run-4,estrutura_textual,4
9A-22,9A,run-4,vocabulario,6
9A-22,9A,run-5,adequacao_ling,5
9A-22,9A,run-5,adequacao_tema,6
9A-22,9A,run-5,coesao_coerencia,5
9A-22,9A,run-5,estrutura_textual,4
9A-22,9A,run-5,vocabulario,6
9A-23,9A,run-1,adequacao_ling,4
9A-23,9A,run-1,adequacao_tema,9
9A-23,9A,run-1,coesao_coerencia,5
9A-23,9A,run-1,estrutura_textual,5
9A-23,9A,run-1,vocabulario,5
9A-23,9A,run-2,adequacao_ling,4
9A-23,9A,run-2,adequacao_tema,6
9A-23,9A,run-2,coesao_coerencia,5
9A-23,9A,run-2,estrutura_textual,5
9A-23,9A,run-2,vocabulario,5
9A-23,9A,run-3,adequacao_ling,4
9A-23,9A,run-3,adequacao_tema,7
9A-23,9A,run-3,coesao_coerencia,5
9A-23,9A,run-3,estrutura_textual,4
9A-23,9A,run-3,vocabulario,5
9A-23,9A,run-4,adequacao_ling,4
9A-23,9A,run-4,adequacao_tema,6
9A-23,9A,run-4,coesao_coerencia,5
9A-23,9A,run-4,estrutura_textual,4
9A-23,9A,run-4,vocabulario,5
9A-23,9A,run-5,adequacao_ling,5
9A-23,9A,run-5,adequacao_tema,8
9A-23,9A,run-5,coesao_coerencia,6
9A-23,9A,run-5,estrutura_textual,5
9A-23,9A,run-5,vocabulario,6
9A-24,9A,run-1,adequacao_ling,3
9A-24,9A,run-1,adequacao_tema,6
9A-24,9A,run-1,coesao_coerencia,3
9A-24,9A,run-1,estrutura_textual,3
9A-24,9A,run-1,vocabulario,4
9A-24,9A,run-2,adequacao_ling,2
9A-24,9A,run-2,adequacao_tema,4
9A-24,9A,run-2,coesao_coerencia,2
9A-24,9A,run-2,estrutura_textual,2
9A-24,9A,run-2,vocabulario,3
9A-24,9A,run-3,adequacao_ling,2
9A-24,9A,run-3,adequacao_tema,5
9A-24,9A,run-3,coesao_coerencia,2
9A-24,9A,run-3,estrutura_textual,2
9A-24,9A,run-3,vocabulario,2
9A-24,9A,run-4,adequacao_ling,2
9A-24,9A,run-4,adequacao_tema,6
9A-24,9A,run-4,coesao_coerencia,3
9A-24,9A,run-4,estrutura_textual,3
9A-24,9A,run-4,vocabulario,3
9A-24,9A,run-5,adequacao_ling,3
9A-24,9A,run-5,adequacao_tema,6
9A-24,9A,run-5,coesao_coerencia,3
9A-24,9A,run-5,estrutura_textual,3
9A-24,9A,run-5,vocabulario,3
9A-25,9A,run-1,adequacao_ling,1
9A-25,9A,run-1,adequacao_tema,2
9A-25,9A,run-1,coesao_coerencia,1
9A-25,9A,run-1,estrutura_textual,1
9A-25,9A,run-1,vocabulario,2
9A-25,9A,run-2,adequacao_ling,0
9A-25,9A,run-2,adequacao_tema,1
9A-25,9A,run-2,coesao_coerencia,0
9A-25,9A,run-2,estrutura_textual,0
9A-25,9A,run-2,vocabulario,1
9A-25,9A,run-3,adequacao_ling,1
9A-25,9A,run-3,adequacao_tema,3
9A-25,9A,run-3,coesao_coerencia,2
9A-25,9A,run-3,estrutura_textual,2
9A-25,9A,run-3,vocabulario,2
9A-25,9A,run-4,adequacao_ling,1
9A-25,9A,run-4,adequacao_tema,3
9A-25,9A,run-4,coesao_coerencia,2
9A-25,9A,run-4,estrutura_textual,2
9A-25,9A,run-4,vocabulario,2
9A-25,9A,run-5,adequacao_ling,1
9A-25,9A,run-5,adequacao_tema,3
9A-25,9A,run-5,coesao_coerencia,1
9A-25,9A,run-5,estrutura_textual,1
9A-25,9A,run-5,vocabulario,1
9A-26,9A,run-1,adequacao_ling,5
9A-26,9A,run-1,adequacao_tema,7
9A-26,9A,run-1,coesao_coerencia,5
9A-26,9A,run-1,estrutura_textual,4
9A-26,9A,run-1,vocabulario,6
9A-26,9A,run-2,adequacao_ling,4
9A-26,9A,run-2,adequacao_tema,7
9A-26,9A,run-2,coesao_coerencia,5
9A-26,9A,run-2,estrutura_textual,5
9A-26,9A,run-2,vocabulario,6
9A-26,9A,run-3,adequacao_ling,5
9A-26,9A,run-3,adequacao_tema,7
9A-26,9A,run-3,coesao_coerencia,5
9A-26,9A,run-3,estrutura_textual,5
9A-26,9A,run-3,vocabulario,6
9A-26,9A,run-4,adequacao_ling,4
9A-26,9A,run-4,adequacao_tema,7
9A-26,9A,run-4,coesao_coerencia,5
9A-26,9A,run-4,estrutura_textual,5
9A-26,9A,run-4,vocabulario,5
9A-26,9A,run-5,adequacao_ling,5
9A-26,9A,run-5,adequacao_tema,8
9A-26,9A,run-5,coesao_coerencia,5
9A-26,9A,run-5,estrutura_textual,5
9A-26,9A,run-5,vocabulario,5
9A-27,9A,run-1,adequacao_ling,2
9A-27,9A,run-1,adequacao_tema,4
9A-27,9A,run-1,coesao_coerencia,2
9A-27,9A,run-1,estrutura_textual,2
9A-27,9A,run-1,vocabulario,3
9A-27,9A,run-2,adequacao_ling,3
9A-27,9A,run-2,adequacao_tema,5
9A-27,9A,run-2,coesao_coerencia,2
9A-27,9A,run-2,estrutura_textual,2
9A-27,9A,run-2,vocabulario,4
9A-27,9A,run-3,adequacao_ling,2
9A-27,9A,run-3,adequacao_tema,4
9A-27,9A,run-3,coesao_coerencia,2
9A-27,9A,run-3,estrutura_textual,2
9A-27,9A,run-3,vocabulario,3
9A-27,9A,run-4,adequacao_ling,2
9A-27,9A,run-4,adequacao_tema,5
9A-27,9A,run-4,coesao_coerencia,3
9A-27,9A,run-4,estrutura_textual,2
9A-27,9A,run-4,vocabulario,3
9A-27,9A,run-5,adequacao_ling,3
9A-27,9A,run-5,adequacao_tema,6
9A-27,9A,run-5,coesao_coerencia,3
9A-27,9A,run-5,estrutura_textual,3
9A-27,9A,run-5,vocabulario,4
9A-28,9A,run-1,adequacao_ling,2
9A-28,9A,run-1,adequacao_tema,4
9A-28,9A,run-1,coesao_coerencia,2
9A-28,9A,run-1,estrutura_textual,2
9A-28,9A,run-1,vocabulario,3
9A-28,9A,run-2,adequacao_ling,1
9A-28,9A,run-2,adequacao_tema,3
9A-28,9A,run-2,coesao_coerencia,2
9A-28,9A,run-2,estrutura_textual,2
9A-28,9A,run-2,vocabulario,2
9A-28,9A,run-3,adequacao_ling,2
9A-28,9A,run-3,adequacao_tema,4
9A-28,9A,run-3,coesao_coerencia,2
9A-28,9A,run-3,estrutura_textual,2
9A-28,9A,run-3,vocabulario,2
9A-28,9A,run-4,adequacao_ling,2
9A-28,9A,run-4,adequacao_tema,4
9A-28,9A,run-4,coesao_coerencia,2
9A-28,9A,run-4,estrutura_textual,1
9A-28,9A,run-4,vocabulario,2
9A-28,9A,run-5,adequacao_ling,2
9A-28,9A,run-5,adequacao_tema,5
9A-28,9A,run-5,coesao_coerencia,2
9A-28,9A,run-5,estrutura_textual,2
9A-28,9A,run-5,vocabulario,2
9B-01,9B,run-1,adequacao_ling,4
9B-01,9B,run-1,adequacao_tema,8
9B-01,9B,run-1,coesao_coerencia,5
9B-01,9B,run-1,estrutura_textual,6
9B-01,9B,run-1,vocabulario,4
9B-01,9B,run-2,adequacao_ling,2
9B-01,9B,run-2,adequacao_tema,6
9B-01,9B,run-2,coesao_coerencia,4
9B-01,9B,run-2,estrutura_textual,4
9B-01,9B,run-2,vocabulario,3
9B-01,9B,run-3,adequacao_ling,3
9B-01,9B,run-3,adequacao_tema,6
9B-01,9B,run-3,coesao_coerencia,4
9B-01,9B,run-3,estrutura_textual,5
9B-01,9B,run-3,vocabulario,3
9B-01,9B,run-4,adequacao_ling,3
9B-01,9B,run-4,adequacao_tema,7
9B-01,9B,run-4,coesao_coerencia,5
9B-01,9B,run-4,estrutura_textual,6
9B-01,9B,run-4,vocabulario,4
9B-01,9B,run-5,adequacao_ling,3
9B-01,9B,run-5,adequacao_tema,6
9B-01,9B,run-5,coesao_coerencia,4
9B-01,9B,run-5,estrutura_textual,4
9B-01,9B,run-5,vocabulario,4
9B-02,9B,run-1,adequacao_ling,2
9B-02,9B,run-1,adequacao_tema,5
9B-02,9B,run-1,coesao_coerencia,3
9B-02,9B,run-1,estrutura_textual,4
9B-02,9B,run-1,vocabulario,3
9B-02,9B,run-2,adequacao_ling,3
9B-02,9B,run-2,adequacao_tema,5
9B-02,9B,run-2,coesao_coerencia,4
9B-02,9B,run-2,estrutura_textual,5
9B-02,9B,run-2,vocabulario,4
9B-02,9B,run-3,adequacao_ling,2
9B-02,9B,run-3,adequacao_tema,5
9B-02,9B,run-3,coesao_coerencia,4
9B-02,9B,run-3,estrutura_textual,4
9B-02,9B,run-3,vocabulario,3
9B-02,9B,run-4,adequacao_ling,2
9B-02,9B,run-4,adequacao_tema,5
9B-02,9B,run-4,coesao_coerencia,3
9B-02,9B,run-4,estrutura_textual,4
9B-02,9B,run-4,vocabulario,2
9B-02,9B,run-5,adequacao_ling,2
9B-02,9B,run-5,adequacao_tema,5
9B-02,9B,run-5,coesao_coerencia,4
9B-02,9B,run-5,estrutura_textual,5
9B-02,9B,run-5,vocabulario,3
9B-03,9B,run-1,adequacao_ling,4
9B-03,9B,run-1,adequacao_tema,6
9B-03,9B,run-1,coesao_coerencia,5
9B-03,9B,run-1,estrutura_textual,5
9B-03,9B,run-1,vocabulario,5
9B-03,9B,run-2,adequacao_ling,4
9B-03,9B,run-2,adequacao_tema,6
9B-03,9B,run-2,coesao_coerencia,4
9B-03,9B,run-2,estrutura_textual,5
9B-03,9B,run-2,vocabulario,5
9B-03,9B,run-3,adequacao_ling,4
9B-03,9B,run-3,adequacao_tema,7
9B-03,9B,run-3,coesao_coerencia,5
9B-03,9B,run-3,estrutura_textual,5
9B-03,9B,run-3,vocabulario,6
9B-03,9B,run-4,adequacao_ling,5
9B-03,9B,run-4,adequacao_tema,7
9B-03,9B,run-4,coesao_coerencia,5
9B-03,9B,run-4,estrutura_textual,6
9B-03,9B,run-4,vocabulario,6
9B-03,9B,run-5,adequacao_ling,4
9B-03,9B,run-5,adequacao_tema,6
9B-03,9B,run-5,coesao_coerencia,4
9B-03,9B,run-5,estrutura_textual,4
9B-03,9B,run-5,vocabulario,4
9B-04,9B,run-1,adequacao_ling,2
9B-04,9B,run-1,adequacao_tema,4
9B-04,9B,run-1,coesao_coerencia,2
9B-04,9B,run-1,estrutura_textual,2
9B-04,9B,run-1,vocabulario,2
9B-04,9B,run-2,adequacao_ling,2
9B-04,9B,run-2,adequacao_tema,3
9B-04,9B,run-2,coesao_coerencia,2
9B-04,9B,run-2,estrutura_textual,2
9B-04,9B,run-2,vocabulario,2
9B-04,9B,run-3,adequacao_ling,1
9B-04,9B,run-3,adequacao_tema,2
9B-04,9B,run-3,coesao_coerencia,1
9B-04,9B,run-3,estrutura_textual,1
9B-04,9B,run-3,vocabulario,2
9B-04,9B,run-4,adequacao_ling,1
9B-04,9B,run-4,adequacao_tema,2
9B-04,9B,run-4,coesao_coerencia,1
9B-04,9B,run-4,estrutura_textual,1
9B-04,9B,run-4,vocabulario,2
9B-04,9B,run-5,adequacao_ling,1
9B-04,9B,run-5,adequacao_tema,2
9B-04,9B,run-5,coesao_coerencia,1
9B-04,9B,run-5,estrutura_textual,2
9B-04,9B,run-5,vocabulario,2
9B-05,9B,run-1,adequacao_ling,3
9B-05,9B,run-1,adequacao_tema,5
9B-05,9B,run-1,coesao_coerencia,3
9B-05,9B,run-1,estrutura_textual,3
9B-05,9B,run-1,vocabulario,4
9B-05,9B,run-2,adequacao_ling,2
9B-05,9B,run-2,adequacao_tema,4
9B-05,9B,run-2,coesao_coerencia,2
9B-05,9B,run-2,estrutura_textual,2
9B-05,9B,run-2,vocabulario,3
9B-05,9B,run-3,adequacao_ling,2
9B-05,9B,run-3,adequacao_tema,4
9B-05,9B,run-3,coesao_coerencia,2
9B-05,9B,run-3,estrutura_textual,2
9B-05,9B,run-3,vocabulario,3
9B-05,9B,run-4,adequacao_ling,2
9B-05,9B,run-4,adequacao_tema,4
9B-05,9B,run-4,coesao_coerencia,2
9B-05,9B,run-4,estrutura_textual,2
9B-05,9B,run-4,vocabulario,3
9B-05,9B,run-5,adequacao_ling,2
9B-05,9B,run-5,adequacao_tema,4
9B-05,9B,run-5,coesao_coerencia,2
9B-05,9B,run-5,estrutura_textual,2
9B-05,9B,run-5,vocabulario,3
9B-06,9B,run-1,adequacao_ling,3
9B-06,9B,run-1,adequacao_tema,7
9B-06,9B,run-1,coesao_coerencia,4
9B-06,9B,run-1,estrutura_textual,3
9B-06,9B,run-1,vocabulario,4
9B-06,9B,run-2,adequacao_ling,2
9B-06,9B,run-2,adequacao_tema,5
9B-06,9B,run-2,coesao_coerencia,3
9B-06,9B,run-2,estrutura_textual,2
9B-06,9B,run-2,vocabulario,3
9B-06,9B,run-3,adequacao_ling,3
9B-06,9B,run-3,adequacao_tema,6
9B-06,9B,run-3,coesao_coerencia,4
9B-06,9B,run-3,estrutura_textual,3
9B-06,9B,run-3,vocabulario,3
9B-06,9B,run-4,adequacao_ling,3
9B-06,9B,run-4,adequacao_tema,6
9B-06,9B,run-4,coesao_coerencia,3
9B-06,9B,run-4,estrutura_textual,3
9B-06,9B,run-4,vocabulario,4
9B-06,9B,run-5,adequacao_ling,2
9B-06,9B,run-5,adequacao_tema,6
9B-06,9B,run-5,coesao_coerencia,4
9B-06,9B,run-5,estrutura_textual,4
9B-06,9B,run-5,vocabulario,3
9B-07,9B,run-1,adequacao_ling,2
9B-07,9B,run-1,adequacao_tema,6
9B-07,9B,run-1,coesao_coerencia,3
9B-07,9B,run-1,estrutura_textual,3
9B-07,9B,run-1,vocabulario,3
9B-07,9B,run-2,adequacao_ling,3
9B-07,9B,run-2,adequacao_tema,6
9B-07,9B,run-2,coesao_coerencia,3
9B-07,9B,run-2,estrutura_textual,3
9B-07,9B,run-2,vocabulario,3
9B-07,9B,run-3,adequacao_ling,1
9B-07,9B,run-3,adequacao_tema,4
9B-07,9B,run-3,coesao_coerencia,2
9B-07,9B,run-3,estrutura_textual,2
9B-07,9B,run-3,vocabulario,2
9B-07,9B,run-4,adequacao_ling,2
9B-07,9B,run-4,adequacao_tema,6
9B-07,9B,run-4,coesao_coerencia,4
9B-07,9B,run-4,estrutura_textual,3
9B-07,9B,run-4,vocabulario,3
9B-07,9B,run-5,adequacao_ling,3
9B-07,9B,run-5,adequacao_tema,6
9B-07,9B,run-5,coesao_coerencia,4
9B-07,9B,run-5,estrutura_textual,2
9B-07,9B,run-5,vocabulario,4
9B-08,9B,run-1,adequacao_ling,2
9B-08,9B,run-1,adequacao_tema,4
9B-08,9B,run-1,coesao_coerencia,2
9B-08,9B,run-1,estrutura_textual,1
9B-08,9B,run-1,vocabulario,2
9B-08,9B,run-2,adequacao_ling,2
9B-08,9B,run-2,adequacao_tema,4
9B-08,9B,run-2,coesao_coerencia,2
9B-08,9B,run-2,estrutura_textual,2
9B-08,9B,run-2,vocabulario,2
9B-08,9B,run-3,adequacao_ling,2
9B-08,9B,run-3,adequacao_tema,4
9B-08,9B,run-3,coesao_coerencia,2
9B-08,9B,run-3,estrutura_textual,2
9B-08,9B,run-3,vocabulario,3
9B-08,9B,run-4,adequacao_ling,2
9B-08,9B,run-4,adequacao_tema,4
9B-08,9B,run-4,coesao_coerencia,2
9B-08,9B,run-4,estrutura_textual,2
9B-08,9B,run-4,vocabulario,2
9B-08,9B,run-5,adequacao_ling,2
9B-08,9B,run-5,adequacao_tema,3
9B-08,9B,run-5,coesao_coerencia,2
9B-08,9B,run-5,estrutura_textual,2
9B-08,9B,run-5,vocabulario,2
9B-09,9B,run-1,adequacao_ling,5
9B-09,9B,run-1,adequacao_tema,8
9B-09,9B,run-1,coesao_coerencia,5
9B-09,9B,run-1,estrutura_textual,5
9B-09,9B,run-1,vocabulario,5
9B-09,9B,run-2,adequacao_ling,7
9B-09,9B,run-2,adequacao_tema,8
9B-09,9B,run-2,coesao_coerencia,6
9B-09,9B,run-2,estrutura_textual,5
9B-09,9B,run-2,vocabulario,7
9B-09,9B,run-3,adequacao_ling,6
9B-09,9B,run-3,adequacao_tema,8
9B-09,9B,run-3,coesao_coerencia,6
9B-09,9B,run-3,estrutura_textual,5
9B-09,9B,run-3,vocabulario,6
9B-09,9B,run-4,adequacao_ling,5
9B-09,9B,run-4,adequacao_tema,7
9B-09,9B,run-4,coesao_coerencia,5
9B-09,9B,run-4,estrutura_textual,4
9B-09,9B,run-4,vocabulario,5
9B-09,9B,run-5,adequacao_ling,6
9B-09,9B,run-5,adequacao_tema,7
9B-09,9B,run-5,coesao_coerencia,6
9B-09,9B,run-5,estrutura_textual,5
9B-09,9B,run-5,vocabulario,6
9B-10,9B,run-1,adequacao_ling,4
9B-10,9B,run-1,adequacao_tema,8
9B-10,9B,run-1,coesao_coerencia,5
9B-10,9B,run-1,estrutura_textual,5
9B-10,9B,run-1,vocabulario,6
9B-10,9B,run-2,adequacao_ling,4
9B-10,9B,run-2,adequacao_tema,8
9B-10,9B,run-2,coesao_coerencia,5
9B-10,9B,run-2,estrutura_textual,4
9B-10,9B,run-2,vocabulario,5
9B-10,9B,run-3,adequacao_ling,5
9B-10,9B,run-3,adequacao_tema,8
9B-10,9B,run-3,coesao_coerencia,5
9B-10,9B,run-3,estrutura_textual,5
9B-10,9B,run-3,vocabulario,6
9B-10,9B,run-4,adequacao_ling,4
9B-10,9B,run-4,adequacao_tema,9
9B-10,9B,run-4,coesao_coerencia,4
9B-10,9B,run-4,estrutura_textual,5
9B-10,9B,run-4,vocabulario,5
9B-10,9B,run-5,adequacao_ling,4
9B-10,9B,run-5,adequacao_tema,9
9B-10,9B,run-5,coesao_coerencia,5
9B-10,9B,run-5,estrutura_textual,5
9B-10,9B,run-5,vocabulario,6
9B-11,9B,run-1,adequacao_ling,3
9B-11,9B,run-1,adequacao_tema,6
9B-11,9B,run-1,coesao_coerencia,5
9B-11,9B,run-1,estrutura_textual,3
9B-11,9B,run-1,vocabulario,5
9B-11,9B,run-2,adequacao_ling,3
9B-11,9B,run-2,adequacao_tema,6
9B-11,9B,run-2,coesao_coerencia,5
9B-11,9B,run-2,estrutura_textual,3
9B-11,9B,run-2,vocabulario,4
9B-11,9B,run-3,adequacao_ling,3
9B-11,9B,run-3,adequacao_tema,6
9B-11,9B,run-3,coesao_coerencia,5
9B-11,9B,run-3,estrutura_textual,4
9B-11,9B,run-3,vocabulario,4
9B-11,9B,run-4,adequacao_ling,3
9B-11,9B,run-4,adequacao_tema,5
9B-11,9B,run-4,coesao_coerencia,4
9B-11,9B,run-4,estrutura_textual,3
9B-11,9B,run-4,vocabulario,4
9B-11,9B,run-5,adequacao_ling,3
9B-11,9B,run-5,adequacao_tema,7
9B-11,9B,run-5,coesao_coerencia,4
9B-11,9B,run-5,estrutura_textual,3
9B-11,9B,run-5,vocabulario,5
9B-12,9B,run-1,adequacao_ling,2
9B-12,9B,run-1,adequacao_tema,5
9B-12,9B,run-1,coesao_coerencia,3
9B-12,9B,run-1,estrutura_textual,2
9B-12,9B,run-1,vocabulario,3
9B-12,9B,run-2,adequacao_ling,2
9B-12,9B,run-2,adequacao_tema,4
9B-12,9B,run-2,coesao_coerencia,2
9B-12,9B,run-2,estrutura_textual,1
9B-12,9B,run-2,vocabulario,2
9B-12,9B,run-3,adequacao_ling,2
9B-12,9B,run-3,adequacao_tema,4
9B-12,9B,run-3,coesao_coerencia,3
9B-12,9B,run-3,estrutura_textual,2
9B-12,9B,run-3,vocabulario,3
9B-12,9B,run-4,adequacao_ling,2
9B-12,9B,run-4,adequacao_tema,5
9B-12,9B,run-4,coesao_coerencia,3
9B-12,9B,run-4,estrutura_textual,2
9B-12,9B,run-4,vocabulario,3
9B-12,9B,run-5,adequacao_ling,2
9B-12,9B,run-5,adequacao_tema,5
9B-12,9B,run-5,coesao_coerencia,2
9B-12,9B,run-5,estrutura_textual,2
9B-12,9B,run-5,vocabulario,3
9B-13,9B,run-1,adequacao_ling,3
9B-13,9B,run-1,adequacao_tema,6
9B-13,9B,run-1,coesao_coerencia,3
9B-13,9B,run-1,estrutura_textual,3
9B-13,9B,run-1,vocabulario,4
9B-13,9B,run-2,adequacao_ling,4
9B-13,9B,run-2,adequacao_tema,6
9B-13,9B,run-2,coesao_coerencia,5
9B-13,9B,run-2,estrutura_textual,4
9B-13,9B,run-2,vocabulario,4
9B-13,9B,run-3,adequacao_ling,5
9B-13,9B,run-3,adequacao_tema,6
9B-13,9B,run-3,coesao_coerencia,5
9B-13,9B,run-3,estrutura_textual,3
9B-13,9B,run-3,vocabulario,5
9B-13,9B,run-4,adequacao_ling,4
9B-13,9B,run-4,adequacao_tema,6
9B-13,9B,run-4,coesao_coerencia,5
9B-13,9B,run-4,estrutura_textual,3
9B-13,9B,run-4,vocabulario,5
9B-13,9B,run-5,adequacao_ling,4
9B-13,9B,run-5,adequacao_tema,7
9B-13,9B,run-5,coesao_coerencia,5
9B-13,9B,run-5,estrutura_textual,4
9B-13,9B,run-5,vocabulario,5
9B-14,9B,run-1,adequacao_ling,5
9B-14,9B,run-1,adequacao_tema,8
9B-14,9B,run-1,coesao_coerencia,7
9B-14,9B,run-1,estrutura_textual,7
9B-14,9B,run-1,vocabulario,5
9B-14,9B,run-2,adequacao_ling,4
9B-14,9B,run-2,adequacao_tema,7
9B-14,9B,run-2,coesao_coerencia,7
9B-14,9B,run-2,estrutura_textual,6
9B-14,9B,run-2,vocabulario,4
9B-14,9B,run-3,adequacao_ling,4
9B-14,9B,run-3,adequacao_tema,7
9B-14,9B,run-3,coesao_coerencia,5
9B-14,9B,run-3,estrutura_textual,6
9B-14,9B,run-3,vocabulario,4
9B-14,9B,run-4,adequacao_ling,3
9B-14,9B,run-4,adequacao_tema,7
9B-14,9B,run-4,coesao_coerencia,5
9B-14,9B,run-4,estrutura_textual,5
9B-14,9B,run-4,vocabulario,4
9B-14,9B,run-5,adequacao_ling,3
9B-14,9B,run-5,adequacao_tema,6
9B-14,9B,run-5,coesao_coerencia,5
9B-14,9B,run-5,estrutura_textual,4
9B-14,9B,run-5,vocabulario,3
9B-15,9B,run-1,adequacao_ling,2
9B-15,9B,run-1,adequacao_tema,5
9B-15,9B,run-1,coesao_coerencia,3
9B-15,9B,run-1,estrutura_textual,3
9B-15,9B,run-1,vocabulario,3
9B-15,9B,run-2,adequacao_ling,2
9B-15,9B,run-2,adequacao_tema,4
9B-15,9B,run-2,coesao_coerencia,2
9B-15,9B,run-2,estrutura_textual,2
9B-15,9B,run-2,vocabulario,2
9B-15,9B,run-3,adequacao_ling,1
9B-15,9B,run-3,adequacao_tema,4
9B-15,9B,run-3,coesao_coerencia,2
9B-15,9B,run-3,estrutura_textual,2
9B-15,9B,run-3,vocabulario,2
9B-15,9B,run-4,adequacao_ling,2
9B-15,9B,run-4,adequacao_tema,4
9B-15,9B,run-4,coesao_coerencia,2
9B-15,9B,run-4,estrutura_textual,2
9B-15,9B,run-4,vocabulario,2
9B-15,9B,run-5,adequacao_ling,2
9B-15,9B,run-5,adequacao_tema,4
9B-15,9B,run-5,coesao_coerencia,2
9B-15,9B,run-5,estrutura_textual,3
9B-15,9B,run-5,vocabulario,2
9B-16,9B,run-1,adequacao_ling,1
9B-16,9B,run-1,adequacao_tema,3
9B-16,9B,run-1,coesao_coerencia,2
9B-16,9B,run-1,estrutura_textual,2
9B-16,9B,run-1,vocabulario,1
9B-16,9B,run-2,adequacao_ling,1
9B-16,9B,run-2,adequacao_tema,2
9B-16,9B,run-2,coesao_coerencia,1
9B-16,9B,run-2,estrutura_textual,1
9B-16,9B,run-2,vocabulario,1
9B-16,9B,run-3,adequacao_ling,2
9B-16,9B,run-3,adequacao_tema,3
9B-16,9B,run-3,coesao_coerencia,2
9B-16,9B,run-3,estrutura_textual,2
9B-16,9B,run-3,vocabulario,2
9B-16,9B,run-4,adequacao_ling,1
9B-16,9B,run-4,adequacao_tema,3
9B-16,9B,run-4,coesao_coerencia,1
9B-16,9B,run-4,estrutura_textual,1
9B-16,9B,run-4,vocabulario,2
9B-16,9B,run-5,adequacao_ling,0
9B-16,9B,run-5,adequacao_tema,1
9B-16,9B,run-5,coesao_coerencia,0
9B-16,9B,run-5,estrutura_textual,0
9B-16,9B,run-5,vocabulario,1
9B-17,9B,run-1,adequacao_ling,2
9B-17,9B,run-1,adequacao_tema,4
9B-17,9B,run-1,coesao_coerencia,2
9B-17,9B,run-1,estrutura_textual,2
9B-17,9B,run-1,vocabulario,3
9B-17,9B,run-2,adequacao_ling,1
9B-17,9B,run-2,adequacao_tema,4
9B-17,9B,run-2,coesao_coerencia,3
9B-17,9B,run-2,estrutura_textual,3
9B-17,9B,run-2,vocabulario,2
9B-17,9B,run-3,adequacao_ling,2
9B-17,9B,run-3,adequacao_tema,3
9B-17,9B,run-3,coesao_coerencia,2
9B-17,9B,run-3,estrutura_textual,2
9B-17,9B,run-3,vocabulario,2
9B-17,9B,run-4,adequacao_ling,1
9B-17,9B,run-4,adequacao_tema,2
9B-17,9B,run-4,coesao_coerencia,1
9B-17,9B,run-4,estrutura_textual,2
9B-17,9B,run-4,vocabulario,2
9B-17,9B,run-5,adequacao_ling,1
9B-17,9B,run-5,adequacao_tema,3
9B-17,9B,run-5,coesao_coerencia,1
9B-17,9B,run-5,estrutura_textual,2
9B-17,9B,run-5,vocabulario,2
9B-18,9B,run-1,adequacao_ling,0
9B-18,9B,run-1,adequacao_tema,0
9B-18,9B,run-1,coesao_coerencia,0
9B-18,9B,run-1,estrutura_textual,0
9B-18,9B,run-1,vocabulario,0
9B-18,9B,run-2,adequacao_ling,1
9B-18,9B,run-2,adequacao_tema,3
9B-18,9B,run-2,coesao_coerencia,2
9B-18,9B,run-2,estrutura_textual,2
9B-18,9B,run-2,vocabulario,2
9B-18,9B,run-3,adequacao_ling,2
9B-18,9B,run-3,adequacao_tema,4
9B-18,9B,run-3,coesao_coerencia,2
9B-18,9B,run-3,estrutura_textual,2
9B-18,9B,run-3,vocabulario,2
9B-18,9B,run-4,adequacao_ling,2
9B-18,9B,run-4,adequacao_tema,5
9B-18,9B,run-4,coesao_coerencia,3
9B-18,9B,run-4,estrutura_textual,3
9B-18,9B,run-4,vocabulario,3
9B-18,9B,run-5,adequacao_ling,2
9B-18,9B,run-5,adequacao_tema,5
9B-18,9B,run-5,coesao_coerencia,3
9B-18,9B,run-5,estrutura_textual,3
9B-18,9B,run-5,vocabulario,3
9B-19,9B,run-1,adequacao_ling,5
9B-19,9B,run-1,adequacao_tema,7
9B-19,9B,run-1,coesao_coerencia,6
9B-19,9B,run-1,estrutura_textual,6
9B-19,9B,run-1,vocabulario,5
9B-19,9B,run-2,adequacao_ling,5
9B-19,9B,run-2,adequacao_tema,8
9B-19,9B,run-2,coesao_coerencia,7
9B-19,9B,run-2,estrutura_textual,6
9B-19,9B,run-2,vocabulario,5
9B-19,9B,run-3,adequacao_ling,5
9B-19,9B,run-3,adequacao_tema,7
9B-19,9B,run-3,coesao_coerencia,6
9B-19,9B,run-3,estrutura_textual,6
9B-19,9B,run-3,vocabulario,5
9B-19,9B,run-4,adequacao_ling,5
9B-19,9B,run-4,adequacao_tema,7
9B-19,9B,run-4,coesao_coerencia,5
9B-19,9B,run-4,estrutura_textual,6
9B-19,9B,run-4,vocabulario,5
9B-19,9B,run-5,adequacao_ling,5
9B-19,9B,run-5,adequacao_tema,8
9B-19,9B,run-5,coesao_coerencia,6
9B-19,9B,run-5,estrutura_textual,7
9B-19,9B,run-5,vocabulario,5
9B-20,9B,run-1,adequacao_ling,5
9B-20,9B,run-1,adequacao_tema,7
9B-20,9B,run-1,coesao_coerencia,6
9B-20,9B,run-1,estrutura_textual,4
9B-20,9B,run-1,vocabulario,6
9B-20,9B,run-2,adequacao_ling,4
9B-20,9B,run-2,adequacao_tema,6
9B-20,9B,run-2,coesao_coerencia,5
9B-20,9B,run-2,estrutura_textual,4
9B-20,9B,run-2,vocabulario,6
9B-20,9B,run-3,adequacao_ling,5
9B-20,9B,run-3,adequacao_tema,8
9B-20,9B,run-3,coesao_coerencia,7
9B-20,9B,run-3,estrutura_textual,7
9B-20,9B,run-3,vocabulario,7
9B-20,9B,run-4,adequacao_ling,4
9B-20,9B,run-4,adequacao_tema,7
9B-20,9B,run-4,coesao_coerencia,6
9B-20,9B,run-4,estrutura_textual,3
9B-20,9B,run-4,vocabulario,6
9B-20,9B,run-5,adequacao_ling,4
9B-20,9B,run-5,adequacao_tema,6
9B-20,9B,run-5,coesao_coerencia,5
9B-20,9B,run-5,estrutura_textual,4
9B-20,9B,run-5,vocabulario,5
9B-21,9B,run-1,adequacao_ling,4
9B-21,9B,run-1,adequacao_tema,6
9B-21,9B,run-1,coesao_coerencia,5
9B-21,9B,run-1,estrutura_textual,5
9B-21,9B,run-1,vocabulario,6
9B-21,9B,run-2,adequacao_ling,4
9B-21,9B,run-2,adequacao_tema,6
9B-21,9B,run-2,coesao_coerencia,4
9B-21,9B,run-2,estrutura_textual,3
9B-21,9B,run-2,vocabulario,5
9B-21,9B,run-3,adequacao_ling,4
9B-21,9B,run-3,adequacao_tema,6
9B-21,9B,run-3,coesao_coerencia,4
9B-21,9B,run-3,estrutura_textual,4
9B-21,9B,run-3,vocabulario,5
9B-21,9B,run-4,adequacao_ling,4
9B-21,9B,run-4,adequacao_tema,7
9B-21,9B,run-4,coesao_coerencia,5
9B-21,9B,run-4,estrutura_textual,5
9B-21,9B,run-4,vocabulario,6
9B-21,9B,run-5,adequacao_ling,4
9B-21,9B,run-5,adequacao_tema,6
9B-21,9B,run-5,coesao_coerencia,4
9B-21,9B,run-5,estrutura_textual,5
9B-21,9B,run-5,vocabulario,6
9B-22,9B,run-1,adequacao_ling,3
9B-22,9B,run-1,adequacao_tema,7
9B-22,9B,run-1,coesao_coerencia,5
9B-22,9B,run-1,estrutura_textual,4
9B-22,9B,run-1,vocabulario,4
9B-22,9B,run-2,adequacao_ling,3
9B-22,9B,run-2,adequacao_tema,6
9B-22,9B,run-2,coesao_coerencia,5
9B-22,9B,run-2,estrutura_textual,4
9B-22,9B,run-2,vocabulario,4
9B-22,9B,run-3,adequacao_ling,4
9B-22,9B,run-3,adequacao_tema,7
9B-22,9B,run-3,coesao_coerencia,5
9B-22,9B,run-3,estrutura_textual,5
9B-22,9B,run-3,vocabulario,4
9B-22,9B,run-4,adequacao_ling,5
9B-22,9B,run-4,adequacao_tema,6
9B-22,9B,run-4,coesao_coerencia,4
9B-22,9B,run-4,estrutura_textual,4
9B-22,9B,run-4,vocabulario,5
9B-22,9B,run-5,adequacao_ling,4
9B-22,9B,run-5,adequacao_tema,7
9B-22,9B,run-5,coesao_coerencia,6
9B-22,9B,run-5,estrutura_textual,5
9B-22,9B,run-5,vocabulario,5
9B-23,9B,run-1,adequacao_ling,3
9B-23,9B,run-1,adequacao_tema,6
9B-23,9B,run-1,coesao_coerencia,3
9B-23,9B,run-1,estrutura_textual,3
9B-23,9B,run-1,vocabulario,4
9B-23,9B,run-2,adequacao_ling,3
9B-23,9B,run-2,adequacao_tema,6
9B-23,9B,run-2,coesao_coerencia,4
9B-23,9B,run-2,estrutura_textual,4
9B-23,9B,run-2,vocabulario,4
9B-23,9B,run-3,adequacao_ling,3
9B-23,9B,run-3,adequacao_tema,7
9B-23,9B,run-3,coesao_coerencia,3
9B-23,9B,run-3,estrutura_textual,4
9B-23,9B,run-3,vocabulario,4
9B-23,9B,run-4,adequacao_ling,2
9B-23,9B,run-4,adequacao_tema,7
9B-23,9B,run-4,coesao_coerencia,3
9B-23,9B,run-4,estrutura_textual,3
9B-23,9B,run-4,vocabulario,3
9B-23,9B,run-5,adequacao_ling,3
9B-23,9B,run-5,adequacao_tema,8
9B-23,9B,run-5,coesao_coerencia,4
9B-23,9B,run-5,estrutura_textual,4
9B-23,9B,run-5,vocabulario,5
9B-24,9B,run-1,adequacao_ling,1
9B-24,9B,run-1,adequacao_tema,1
9B-24,9B,run-1,coesao_coerencia,1
9B-24,9B,run-1,estrutura_textual,1
9B-24,9B,run-1,vocabulario,1
9B-24,9B,run-2,adequacao_ling,3
9B-24,9B,run-2,adequacao_tema,4
9B-24,9B,run-2,coesao_coerencia,2
9B-24,9B,run-2,estrutura_textual,3
9B-24,9B,run-2,vocabulario,4
9B-24,9B,run-3,adequacao_ling,2
9B-24,9B,run-3,adequacao_tema,3
9B-24,9B,run-3,coesao_coerencia,2
9B-24,9B,run-3,estrutura_textual,2
9B-24,9B,run-3,vocabulario,2
9B-24,9B,run-4,adequacao_ling,3
9B-24,9B,run-4,adequacao_tema,5
9B-24,9B,run-4,coesao_coerencia,2
9B-24,9B,run-4,estrutura_textual,2
9B-24,9B,run-4,vocabulario,3
9B-24,9B,run-5,adequacao_ling,2
9B-24,9B,run-5,adequacao_tema,5
9B-24,9B,run-5,coesao_coerencia,2
9B-24,9B,run-5,estrutura_textual,2
9B-24,9B,run-5,vocabulario,3
9B-25,9B,run-1,adequacao_ling,1
9B-25,9B,run-1,adequacao_tema,3
9B-25,9B,run-1,coesao_coerencia,2
9B-25,9B,run-1,estrutura_textual,2
9B-25,9B,run-1,vocabulario,2
9B-25,9B,run-2,adequacao_ling,1
9B-25,9B,run-2,adequacao_tema,3
9B-25,9B,run-2,coesao_coerencia,2
9B-25,9B,run-2,estrutura_textual,2
9B-25,9B,run-2,vocabulario,2
9B-25,9B,run-3,adequacao_ling,2
9B-25,9B,run-3,adequacao_tema,4
9B-25,9B,run-3,coesao_coerencia,2
9B-25,9B,run-3,estrutura_textual,2
9B-25,9B,run-3,vocabulario,2
9B-25,9B,run-4,adequacao_ling,2
9B-25,9B,run-4,adequacao_tema,4
9B-25,9B,run-4,coesao_coerencia,2
9B-25,9B,run-4,estrutura_textual,2
9B-25,9B,run-4,vocabulario,2
9B-25,9B,run-5,adequacao_ling,2
9B-25,9B,run-5,adequacao_tema,4
9B-25,9B,run-5,coesao_coerencia,2
9B-25,9B,run-5,estrutura_textual,2
9B-25,9B,run-5,vocabulario,2
9B-26,9B,run-1,adequacao_ling,4
9B-26,9B,run-1,adequacao_tema,7
9B-26,9B,run-1,coesao_coerencia,5
9B-26,9B,run-1,estrutura_textual,4
9B-26,9B,run-1,vocabulario,5
9B-26,9B,run-2,adequacao_ling,5
9B-26,9B,run-2,adequacao_tema,7
9B-26,9B,run-2,coesao_coerencia,5
9B-26,9B,run-2,estrutura_textual,4
9B-26,9B,run-2,vocabulario,4
9B-26,9B,run-3,adequacao_ling,5
9B-26,9B,run-3,adequacao_tema,8
9B-26,9B,run-3,coesao_coerencia,6
9B-26,9B,run-3,estrutura_textual,4
9B-26,9B,run-3,vocabulario,5
9B-26,9B,run-4,adequacao_ling,5
9B-26,9B,run-4,adequacao_tema,7
9B-26,9B,run-4,coesao_coerencia,5
9B-26,9B,run-4,estrutura_textual,5
9B-26,9B,run-4,vocabulario,5
9B-26,9B,run-5,adequacao_ling,6
9B-26,9B,run-5,adequacao_tema,7
9B-26,9B,run-5,coesao_coerencia,5
9B-26,9B,run-5,estrutura_textual,4
9B-26,9B,run-5,vocabulario,5
9B-27,9B,run-1,adequacao_ling,2
9B-27,9B,run-1,adequacao_tema,5
9B-27,9B,run-1,coesao_coerencia,3
9B-27,9B,run-1,estrutura_textual,3
9B-27,9B,run-1,vocabulario,3
9B-27,9B,run-2,adequacao_ling,2
9B-27,9B,run-2,adequacao_tema,5
9B-27,9B,run-2,coesao_coerencia,3
9B-27,9B,run-2,estrutura_textual,3
9B-27,9B,run-2,vocabulario,3
9B-27,9B,run-3,adequacao_ling,2
9B-27,9B,run-3,adequacao_tema,5
9B-27,9B,run-3,coesao_coerencia,3
9B-27,9B,run-3,estrutura_textual,3
9B-27,9B,run-3,vocabulario,3
9B-27,9B,run-4,adequacao_ling,2
9B-27,9B,run-4,adequacao_tema,5
9B-27,9B,run-4,coesao_coerencia,3
9B-27,9B,run-4,estrutura_textual,3
9B-27,9B,run-4,vocabulario,3
9B-27,9B,run-5,adequacao_ling,3
9B-27,9B,run-5,adequacao_tema,5
9B-27,9B,run-5,coesao_coerencia,3
9B-27,9B,run-5,estrutura_textual,3
9B-27,9B,run-5,vocabulario,3
9B-28,9B,run-1,adequacao_ling,1
9B-28,9B,run-1,adequacao_tema,5
9B-28,9B,run-1,coesao_coerencia,2
9B-28,9B,run-1,estrutura_textual,2
9B-28,9B,run-1,vocabulario,2
9B-28,9B,run-2,adequacao_ling,1
9B-28,9B,run-2,adequacao_tema,3
9B-28,9B,run-2,coesao_coerencia,1
9B-28,9B,run-2,estrutura_textual,2
9B-28,9B,run-2,vocabulario,1
9B-28,9B,run-3,adequacao_ling,1
9B-28,9B,run-3,adequacao_tema,4
9B-28,9B,run-3,coesao_coerencia,2
9B-28,9B,run-3,estrutura_textual,1
9B-28,9B,run-3,vocabulario,2
9B-28,9B,run-4,adequacao_ling,2
9B-28,9B,run-4,adequacao_tema,4
9B-28,9B,run-4,coesao_coerencia,2
9B-28,9B,run-4,estrutura_textual,2
9B-28,9B,run-4,vocabulario,2
9B-28,9B,run-5,adequacao_ling,1
9B-28,9B,run-5,adequacao_tema,5
9B-28,9B,run-5,coesao_coerencia,2
9B-28,9B,run-5,estrutura_textual,2
9B-28,9B,run-5,vocabulario,2
9B-29,9B,run-1,adequacao_ling,3
9B-29,9B,run-1,adequacao_tema,5
9B-29,9B,run-1,coesao_coerencia,2
9B-29,9B,run-1,estrutura_textual,2
9B-29,9B,run-1,vocabulario,4
9B-29,9B,run-2,adequacao_ling,4
9B-29,9B,run-2,adequacao_tema,6
9B-29,9B,run-2,coesao_coerencia,4
9B-29,9B,run-2,estrutura_textual,3
9B-29,9B,run-2,vocabulario,4
9B-29,9B,run-3,adequacao_ling,3
9B-29,9B,run-3,adequacao_tema,4
9B-29,9B,run-3,coesao_coerencia,4
9B-29,9B,run-3,estrutura_textual,3
9B-29,9B,run-3,vocabulario,4
9B-29,9B,run-4,adequacao_ling,4
9B-29,9B,run-4,adequacao_tema,6
9B-29,9B,run-4,coesao_coerencia,4
9B-29,9B,run-4,estrutura_textual,4
9B-29,9B,run-4,vocabulario,5
9B-29,9B,run-5,adequacao_ling,3
9B-29,9B,run-5,adequacao_tema,6
9B-29,9B,run-5,coesao_coerencia,3
9B-29,9B,run-5,estrutura_textual,3
9B-29,9B,run-5,vocabulario,4
9C-01,9C,run-1,adequacao_ling,1
9C-01,9C,run-1,adequacao_tema,2
9C-01,9C,run-1,coesao_coerencia,1
9C-01,9C,run-1,estrutura_textual,1
9C-01,9C,run-1,vocabulario,1
9C-01,9C,run-2,adequacao_ling,1
9C-01,9C,run-2,adequacao_tema,3
9C-01,9C,run-2,coesao_coerencia,2
9C-01,9C,run-2,estrutura_textual,2
9C-01,9C,run-2,vocabulario,1
9C-01,9C,run-3,adequacao_ling,1
9C-01,9C,run-3,adequacao_tema,2
9C-01,9C,run-3,coesao_coerencia,1
9C-01,9C,run-3,estrutura_textual,2
9C-01,9C,run-3,vocabulario,1
9C-01,9C,run-4,adequacao_ling,1
9C-01,9C,run-4,adequacao_tema,1
9C-01,9C,run-4,coesao_coerencia,1
9C-01,9C,run-4,estrutura_textual,1
9C-01,9C,run-4,vocabulario,1
9C-01,9C,run-5,adequacao_ling,1
9C-01,9C,run-5,adequacao_tema,2
9C-01,9C,run-5,coesao_coerencia,1
9C-01,9C,run-5,estrutura_textual,1
9C-01,9C,run-5,vocabulario,1
9C-02,9C,run-1,adequacao_ling,2
9C-02,9C,run-1,adequacao_tema,4
9C-02,9C,run-1,coesao_coerencia,3
9C-02,9C,run-1,estrutura_textual,2
9C-02,9C,run-1,vocabulario,2
9C-02,9C,run-2,adequacao_ling,2
9C-02,9C,run-2,adequacao_tema,4
9C-02,9C,run-2,coesao_coerencia,3
9C-02,9C,run-2,estrutura_textual,2
9C-02,9C,run-2,vocabulario,2
9C-02,9C,run-3,adequacao_ling,2
9C-02,9C,run-3,adequacao_tema,4
9C-02,9C,run-3,coesao_coerencia,2
9C-02,9C,run-3,estrutura_textual,2
9C-02,9C,run-3,vocabulario,2
9C-02,9C,run-4,adequacao_ling,2
9C-02,9C,run-4,adequacao_tema,4
9C-02,9C,run-4,coesao_coerencia,2
9C-02,9C,run-4,estrutura_textual,2
9C-02,9C,run-4,vocabulario,2
9C-02,9C,run-5,adequacao_ling,1
9C-02,9C,run-5,adequacao_tema,4
9C-02,9C,run-5,coesao_coerencia,2
9C-02,9C,run-5,estrutura_textual,2
9C-02,9C,run-5,vocabulario,2
9C-03,9C,run-1,adequacao_ling,1
9C-03,9C,run-1,adequacao_tema,6
9C-03,9C,run-1,coesao_coerencia,2
9C-03,9C,run-1,estrutura_textual,2
9C-03,9C,run-1,vocabulario,2
9C-03,9C,run-2,adequacao_ling,2
9C-03,9C,run-2,adequacao_tema,6
9C-03,9C,run-2,coesao_coerencia,4
9C-03,9C,run-2,estrutura_textual,4
9C-03,9C,run-2,vocabulario,2
9C-03,9C,run-3,adequacao_ling,2
9C-03,9C,run-3,adequacao_tema,6
9C-03,9C,run-3,coesao_coerencia,4
9C-03,9C,run-3,estrutura_textual,3
9C-03,9C,run-3,vocabulario,3
9C-03,9C,run-4,adequacao_ling,1
9C-03,9C,run-4,adequacao_tema,4
9C-03,9C,run-4,coesao_coerencia,2
9C-03,9C,run-4,estrutura_textual,2
9C-03,9C,run-4,vocabulario,2
9C-03,9C,run-5,adequacao_ling,1
9C-03,9C,run-5,adequacao_tema,5
9C-03,9C,run-5,coesao_coerencia,3
9C-03,9C,run-5,estrutura_textual,2
9C-03,9C,run-5,vocabulario,2
9C-04,9C,run-1,adequacao_ling,0
9C-04,9C,run-1,adequacao_tema,1
9C-04,9C,run-1,coesao_coerencia,0
9C-04,9C,run-1,estrutura_textual,0
9C-04,9C,run-1,vocabulario,1
9C-04,9C,run-2,adequacao_ling,0
9C-04,9C,run-2,adequacao_tema,1
9C-04,9C,run-2,coesao_coerencia,0
9C-04,9C,run-2,estrutura_textual,0
9C-04,9C,run-2,vocabulario,1
9C-04,9C,run-3,adequacao_ling,1
9C-04,9C,run-3,adequacao_tema,1
9C-04,9C,run-3,coesao_coerencia,1
9C-04,9C,run-3,estrutura_textual,1
9C-04,9C,run-3,vocabulario,1
9C-04,9C,run-4,adequacao_ling,1
9C-04,9C,run-4,adequacao_tema,1
9C-04,9C,run-4,coesao_coerencia,1
9C-04,9C,run-4,estrutura_textual,1
9C-04,9C,run-4,vocabulario,1
9C-04,9C,run-5,adequacao_ling,1
9C-04,9C,run-5,adequacao_tema,1
9C-04,9C,run-5,coesao_coerencia,0
9C-04,9C,run-5,estrutura_textual,1
9C-04,9C,run-5,vocabulario,1
9C-05,9C,run-1,adequacao_ling,3
9C-05,9C,run-1,adequacao_tema,6
9C-05,9C,run-1,coesao_coerencia,4
9C-05,9C,run-1,estrutura_textual,3
9C-05,9C,run-1,vocabulario,5
9C-05,9C,run-2,adequacao_ling,4
9C-05,9C,run-2,adequacao_tema,6
9C-05,9C,run-2,coesao_coerencia,4
9C-05,9C,run-2,estrutura_textual,3
9C-05,9C,run-2,vocabulario,5
9C-05,9C,run-3,adequacao_ling,4
9C-05,9C,run-3,adequacao_tema,6
9C-05,9C,run-3,coesao_coerencia,4
9C-05,9C,run-3,estrutura_textual,3
9C-05,9C,run-3,vocabulario,5
9C-05,9C,run-4,adequacao_ling,4
9C-05,9C,run-4,adequacao_tema,6
9C-05,9C,run-4,coesao_coerencia,5
9C-05,9C,run-4,estrutura_textual,3
9C-05,9C,run-4,vocabulario,5
9C-05,9C,run-5,adequacao_ling,4
9C-05,9C,run-5,adequacao_tema,5
9C-05,9C,run-5,coesao_coerencia,4
9C-05,9C,run-5,estrutura_textual,2
9C-05,9C,run-5,vocabulario,5
9C-06,9C,run-1,adequacao_ling,3
9C-06,9C,run-1,adequacao_tema,6
9C-06,9C,run-1,coesao_coerencia,4
9C-06,9C,run-1,estrutura_textual,4
9C-06,9C,run-1,vocabulario,4
9C-06,9C,run-2,adequacao_ling,3
9C-06,9C,run-2,adequacao_tema,5
9C-06,9C,run-2,coesao_coerencia,3
9C-06,9C,run-2,estrutura_textual,3
9C-06,9C,run-2,vocabulario,3
9C-06,9C,run-3,adequacao_ling,2
9C-06,9C,run-3,adequacao_tema,4
9C-06,9C,run-3,coesao_coerencia,3
9C-06,9C,run-3,estrutura_textual,2
9C-06,9C,run-3,vocabulario,2
9C-06,9C,run-4,adequacao_ling,2
9C-06,9C,run-4,adequacao_tema,5
9C-06,9C,run-4,coesao_coerencia,3
9C-06,9C,run-4,estrutura_textual,3
9C-06,9C,run-4,vocabulario,3
9C-06,9C,run-5,adequacao_ling,3
9C-06,9C,run-5,adequacao_tema,6
9C-06,9C,run-5,coesao_coerencia,4
9C-06,9C,run-5,estrutura_textual,4
9C-06,9C,run-5,vocabulario,3
9C-07,9C,run-1,adequacao_ling,1
9C-07,9C,run-1,adequacao_tema,3
9C-07,9C,run-1,coesao_coerencia,1
9C-07,9C,run-1,estrutura_textual,1
9C-07,9C,run-1,vocabulario,2
9C-07,9C,run-2,adequacao_ling,1
9C-07,9C,run-2,adequacao_tema,2
9C-07,9C,run-2,coesao_coerencia,1
9C-07,9C,run-2,estrutura_textual,1
9C-07,9C,run-2,vocabulario,1
9C-07,9C,run-3,adequacao_ling,1
9C-07,9C,run-3,adequacao_tema,3
9C-07,9C,run-3,coesao_coerencia,1
9C-07,9C,run-3,estrutura_textual,2
9C-07,9C,run-3,vocabulario,1
9C-07,9C,run-4,adequacao_ling,1
9C-07,9C,run-4,adequacao_tema,3
9C-07,9C,run-4,coesao_coerencia,1
9C-07,9C,run-4,estrutura_textual,1
9C-07,9C,run-4,vocabulario,2
9C-07,9C,run-5,adequacao_ling,2
9C-07,9C,run-5,adequacao_tema,3
9C-07,9C,run-5,coesao_coerencia,2
9C-07,9C,run-5,estrutura_textual,2
9C-07,9C,run-5,vocabulario,2
9C-08,9C,run-1,adequacao_ling,0
9C-08,9C,run-1,adequacao_tema,0
9C-08,9C,run-1,coesao_coerencia,0
9C-08,9C,run-1,estrutura_textual,1
9C-08,9C,run-1,vocabulario,0
9C-08,9C,run-2,adequacao_ling,0
9C-08,9C,run-2,adequacao_tema,0
9C-08,9C,run-2,coesao_coerencia,0
9C-08,9C,run-2,estrutura_textual,1
9C-08,9C,run-2,vocabulario,1
9C-08,9C,run-3,adequacao_ling,0
9C-08,9C,run-3,adequacao_tema,0
9C-08,9C,run-3,coesao_coerencia,0
9C-08,9C,run-3,estrutura_textual,0
9C-08,9C,run-3,vocabulario,1
9C-08,9C,run-4,adequacao_ling,0
9C-08,9C,run-4,adequacao_tema,0
9C-08,9C,run-4,coesao_coerencia,0
9C-08,9C,run-4,estrutura_textual,0
9C-08,9C,run-4,vocabulario,0
9C-08,9C,run-5,adequacao_ling,0
9C-08,9C,run-5,adequacao_tema,0
9C-08,9C,run-5,coesao_coerencia,0
9C-08,9C,run-5,estrutura_textual,0
9C-08,9C,run-5,vocabulario,0
9C-09,9C,run-1,adequacao_ling,2
9C-09,9C,run-1,adequacao_tema,5
9C-09,9C,run-1,coesao_coerencia,3
9C-09,9C,run-1,estrutura_textual,2
9C-09,9C,run-1,vocabulario,3
9C-09,9C,run-2,adequacao_ling,0
9C-09,9C,run-2,adequacao_tema,0
9C-09,9C,run-2,coesao_coerencia,0
9C-09,9C,run-2,estrutura_textual,0
9C-09,9C,run-2,vocabulario,0
9C-09,9C,run-3,adequacao_ling,4
9C-09,9C,run-3,adequacao_tema,6
9C-09,9C,run-3,coesao_coerencia,4
9C-09,9C,run-3,estrutura_textual,3
9C-09,9C,run-3,vocabulario,4
9C-09,9C,run-4,adequacao_ling,4
9C-09,9C,run-4,adequacao_tema,6
9C-09,9C,run-4,coesao_coerencia,4
9C-09,9C,run-4,estrutura_textual,4
9C-09,9C,run-4,vocabulario,5
9C-09,9C,run-5,adequacao_ling,3
9C-09,9C,run-5,adequacao_tema,6
9C-09,9C,run-5,coesao_coerencia,4
9C-09,9C,run-5,estrutura_textual,4
9C-09,9C,run-5,vocabulario,4
9C-10,9C,run-1,adequacao_ling,1
9C-10,9C,run-1,adequacao_tema,2
9C-10,9C,run-1,coesao_coerencia,1
9C-10,9C,run-1,estrutura_textual,1
9C-10,9C,run-1,vocabulario,1
9C-10,9C,run-2,adequacao_ling,1
9C-10,9C,run-2,adequacao_tema,1
9C-10,9C,run-2,coesao_coerencia,1
9C-10,9C,run-2,estrutura_textual,1
9C-10,9C,run-2,vocabulario,1
9C-10,9C,run-3,adequacao_ling,0
9C-10,9C,run-3,adequacao_tema,1
9C-10,9C,run-3,coesao_coerencia,0
9C-10,9C,run-3,estrutura_textual,0
9C-10,9C,run-3,vocabulario,1
9C-10,9C,run-4,adequacao_ling,0
9C-10,9C,run-4,adequacao_tema,1
9C-10,9C,run-4,coesao_coerencia,1
9C-10,9C,run-4,estrutura_textual,1
9C-10,9C,run-4,vocabulario,1
9C-10,9C,run-5,adequacao_ling,1
9C-10,9C,run-5,adequacao_tema,1
9C-10,9C,run-5,coesao_coerencia,0
9C-10,9C,run-5,estrutura_textual,0
9C-10,9C,run-5,vocabulario,1
9C-11,9C,run-1,adequacao_ling,1
9C-11,9C,run-1,adequacao_tema,0
9C-11,9C,run-1,coesao_coerencia,0
9C-11,9C,run-1,estrutura_textual,0
9C-11,9C,run-1,vocabulario,1
9C-11,9C,run-2,adequacao_ling,0
9C-11,9C,run-2,adequacao_tema,0
9C-11,9C,run-2,coesao_coerencia,0
9C-11,9C,run-2,estrutura_textual,0
9C-11,9C,run-2,vocabulario,1
9C-11,9C,run-3,adequacao_ling,1
9C-11,9C,run-3,adequacao_tema,1
9C-11,9C,run-3,coesao_coerencia,0
9C-11,9C,run-3,estrutura_textual,0
9C-11,9C,run-3,vocabulario,1
9C-11,9C,run-4,adequacao_ling,1
9C-11,9C,run-4,adequacao_tema,1
9C-11,9C,run-4,coesao_coerencia,0
9C-11,9C,run-4,estrutura_textual,0
9C-11,9C,run-4,vocabulario,1
9C-11,9C,run-5,adequacao_ling,1
9C-11,9C,run-5,adequacao_tema,1
9C-11,9C,run-5,coesao_coerencia,0
9C-11,9C,run-5,estrutura_textual,0
9C-11,9C,run-5,vocabulario,1
9C-12,9C,run-1,adequacao_ling,3
9C-12,9C,run-1,adequacao_tema,6
9C-12,9C,run-1,coesao_coerencia,4
9C-12,9C,run-1,estrutura_textual,4
9C-12,9C,run-1,vocabulario,4
9C-12,9C,run-2,adequacao_ling,3
9C-12,9C,run-2,adequacao_tema,6
9C-12,9C,run-2,coesao_coerencia,4
9C-12,9C,run-2,estrutura_textual,3
9C-12,9C,run-2,vocabulario,4
9C-12,9C,run-3,adequacao_ling,3
9C-12,9C,run-3,adequacao_tema,6
9C-12,9C,run-3,coesao_coerencia,4
9C-12,9C,run-3,estrutura_textual,3
9C-12,9C,run-3,vocabulario,3
9C-12,9C,run-4,adequacao_ling,3
9C-12,9C,run-4,adequacao_tema,6
9C-12,9C,run-4,coesao_coerencia,4
9C-12,9C,run-4,estrutura_textual,3
9C-12,9C,run-4,vocabulario,4
9C-12,9C,run-5,adequacao_ling,3
9C-12,9C,run-5,adequacao_tema,5
9C-12,9C,run-5,coesao_coerencia,4
9C-12,9C,run-5,estrutura_textual,4
9C-12,9C,run-5,vocabulario,4
9C-13,9C,run-1,adequacao_ling,1
9C-13,9C,run-1,adequacao_tema,3
9C-13,9C,run-1,coesao_coerencia,2
9C-13,9C,run-1,estrutura_textual,2
9C-13,9C,run-1,vocabulario,2
9C-13,9C,run-2,adequacao_ling,1
9C-13,9C,run-2,adequacao_tema,3
9C-13,9C,run-2,coesao_coerencia,2
9C-13,9C,run-2,estrutura_textual,1
9C-13,9C,run-2,vocabulario,2
9C-13,9C,run-3,adequacao_ling,1
9C-13,9C,run-3,adequacao_tema,4
9C-13,9C,run-3,coesao_coerencia,2
9C-13,9C,run-3,estrutura_textual,2
9C-13,9C,run-3,vocabulario,2
9C-13,9C,run-4,adequacao_ling,2
9C-13,9C,run-4,adequacao_tema,6
9C-13,9C,run-4,coesao_coerencia,4
9C-13,9C,run-4,estrutura_textual,3
9C-13,9C,run-4,vocabulario,3
9C-13,9C,run-5,adequacao_ling,2
9C-13,9C,run-5,adequacao_tema,6
9C-13,9C,run-5,coesao_coerencia,3
9C-13,9C,run-5,estrutura_textual,3
9C-13,9C,run-5,vocabulario,3
9C-14,9C,run-1,adequacao_ling,4
9C-14,9C,run-1,adequacao_tema,8
9C-14,9C,run-1,coesao_coerencia,5
9C-14,9C,run-1,estrutura_textual,5
9C-14,9C,run-1,vocabulario,6
9C-14,9C,run-2,adequacao_ling,4
9C-14,9C,run-2,adequacao_tema,6
9C-14,9C,run-2,coesao_coerencia,4
9C-14,9C,run-2,estrutura_textual,4
9C-14,9C,run-2,vocabulario,5
9C-14,9C,run-3,adequacao_ling,4
9C-14,9C,run-3,adequacao_tema,8
9C-14,9C,run-3,coesao_coerencia,5
9C-14,9C,run-3,estrutura_textual,5
9C-14,9C,run-3,vocabulario,5
9C-14,9C,run-4,adequacao_ling,4
9C-14,9C,run-4,adequacao_tema,7
9C-14,9C,run-4,coesao_coerencia,5
9C-14,9C,run-4,estrutura_textual,5
9C-14,9C,run-4,vocabulario,6
9C-14,9C,run-5,adequacao_ling,4
9C-14,9C,run-5,adequacao_tema,7
9C-14,9C,run-5,coesao_coerencia,5
9C-14,9C,run-5,estrutura_textual,5
9C-14,9C,run-5,vocabulario,5
9C-15,9C,run-1,adequacao_ling,1
9C-15,9C,run-1,adequacao_tema,1
9C-15,9C,run-1,coesao_coerencia,0
9C-15,9C,run-1,estrutura_textual,0
9C-15,9C,run-1,vocabulario,1
9C-15,9C,run-2,adequacao_ling,2
9C-15,9C,run-2,adequacao_tema,2
9C-15,9C,run-2,coesao_coerencia,1
9C-15,9C,run-2,estrutura_textual,2
9C-15,9C,run-2,vocabulario,2
9C-15,9C,run-3,adequacao_ling,2
9C-15,9C,run-3,adequacao_tema,2
9C-15,9C,run-3,coesao_coerencia,1
9C-15,9C,run-3,estrutura_textual,1
9C-15,9C,run-3,vocabulario,2
9C-15,9C,run-4,adequacao_ling,1
9C-15,9C,run-4,adequacao_tema,2
9C-15,9C,run-4,coesao_coerencia,1
9C-15,9C,run-4,estrutura_textual,1
9C-15,9C,run-4,vocabulario,1
9C-15,9C,run-5,adequacao_ling,1
9C-15,9C,run-5,adequacao_tema,2
9C-15,9C,run-5,coesao_coerencia,1
9C-15,9C,run-5,estrutura_textual,1
9C-15,9C,run-5,vocabulario,2
9C-16,9C,run-1,adequacao_ling,4
9C-16,9C,run-1,adequacao_tema,8
9C-16,9C,run-1,coesao_coerencia,6
9C-16,9C,run-1,estrutura_textual,6
9C-16,9C,run-1,vocabulario,5
9C-16,9C,run-2,adequacao_ling,5
9C-16,9C,run-2,adequacao_tema,8
9C-16,9C,run-2,coesao_coerencia,6
9C-16,9C,run-2,estrutura_textual,5
9C-16,9C,run-2,vocabulario,5
9C-16,9C,run-3,adequacao_ling,5
9C-16,9C,run-3,adequacao_tema,8
9C-16,9C,run-3,coesao_coerencia,6
9C-16,9C,run-3,estrutura_textual,5
9C-16,9C,run-3,vocabulario,5
9C-16,9C,run-4,adequacao_ling,5
9C-16,9C,run-4,adequacao_tema,8
9C-16,9C,run-4,coesao_coerencia,7
9C-16,9C,run-4,estrutura_textual,6
9C-16,9C,run-4,vocabulario,6
9C-16,9C,run-5,adequacao_ling,4
9C-16,9C,run-5,adequacao_tema,7
9C-16,9C,run-5,coesao_coerencia,6
9C-16,9C,run-5,estrutura_textual,5
9C-16,9C,run-5,vocabulario,5
9C-17,9C,run-1,adequacao_ling,0
9C-17,9C,run-1,adequacao_tema,0
9C-17,9C,run-1,coesao_coerencia,0
9C-17,9C,run-1,estrutura_textual,0
9C-17,9C,run-1,vocabulario,0
9C-17,9C,run-2,adequacao_ling,2
9C-17,9C,run-2,adequacao_tema,5
9C-17,9C,run-2,coesao_coerencia,3
9C-17,9C,run-2,estrutura_textual,3
9C-17,9C,run-2,vocabulario,3
9C-17,9C,run-3,adequacao_ling,2
9C-17,9C,run-3,adequacao_tema,5
9C-17,9C,run-3,coesao_coerencia,2
9C-17,9C,run-3,estrutura_textual,2
9C-17,9C,run-3,vocabulario,3
9C-17,9C,run-4,adequacao_ling,2
9C-17,9C,run-4,adequacao_tema,5
9C-17,9C,run-4,coesao_coerencia,3
9C-17,9C,run-4,estrutura_textual,3
9C-17,9C,run-4,vocabulario,3
9C-17,9C,run-5,adequacao_ling,3
9C-17,9C,run-5,adequacao_tema,5
9C-17,9C,run-5,coesao_coerencia,3
9C-17,9C,run-5,estrutura_textual,2
9C-17,9C,run-5,vocabulario,3
9C-18,9C,run-1,adequacao_ling,1
9C-18,9C,run-1,adequacao_tema,4
9C-18,9C,run-1,coesao_coerencia,2
9C-18,9C,run-1,estrutura_textual,2
9C-18,9C,run-1,vocabulario,2
9C-18,9C,run-2,adequacao_ling,1
9C-18,9C,run-2,adequacao_tema,3
9C-18,9C,run-2,coesao_coerencia,1
9C-18,9C,run-2,estrutura_textual,1
9C-18,9C,run-2,vocabulario,2
9C-18,9C,run-3,adequacao_ling,1
9C-18,9C,run-3,adequacao_tema,4
9C-18,9C,run-3,coesao_coerencia,2
9C-18,9C,run-3,estrutura_textual,2
9C-18,9C,run-3,vocabulario,2
9C-18,9C,run-4,adequacao_ling,1
9C-18,9C,run-4,adequacao_tema,3
9C-18,9C,run-4,coesao_coerencia,1
9C-18,9C,run-4,estrutura_textual,1
9C-18,9C,run-4,vocabulario,1
9C-18,9C,run-5,adequacao_ling,2
9C-18,9C,run-5,adequacao_tema,3
9C-18,9C,run-5,coesao_coerencia,2
9C-18,9C,run-5,estrutura_textual,2
9C-18,9C,run-5,vocabulario,2
9C-19,9C,run-1,adequacao_ling,2
9C-19,9C,run-1,adequacao_tema,4
9C-19,9C,run-1,coesao_coerencia,2
9C-19,9C,run-1,estrutura_textual,2
9C-19,9C,run-1,vocabulario,3
9C-19,9C,run-2,adequacao_ling,2
9C-19,9C,run-2,adequacao_tema,4
9C-19,9C,run-2,coesao_coerencia,2
9C-19,9C,run-2,estrutura_textual,2
9C-19,9C,run-2,vocabulario,2
9C-19,9C,run-3,adequacao_ling,3
9C-19,9C,run-3,adequacao_tema,5
9C-19,9C,run-3,coesao_coerencia,3
9C-19,9C,run-3,estrutura_textual,3
9C-19,9C,run-3,vocabulario,3
9C-19,9C,run-4,adequacao_ling,2
9C-19,9C,run-4,adequacao_tema,4
9C-19,9C,run-4,coesao_coerencia,3
9C-19,9C,run-4,estrutura_textual,3
9C-19,9C,run-4,vocabulario,3
9C-19,9C,run-5,adequacao_ling,2
9C-19,9C,run-5,adequacao_tema,4
9C-19,9C,run-5,coesao_coerencia,2
9C-19,9C,run-5,estrutura_textual,2
9C-19,9C,run-5,vocabulario,2
9C-20,9C,run-1,adequacao_ling,2
9C-20,9C,run-1,adequacao_tema,6
9C-20,9C,run-1,coesao_coerencia,3
9C-20,9C,run-1,estrutura_textual,4
9C-20,9C,run-1,vocabulario,3
9C-20,9C,run-2,adequacao_ling,2
9C-20,9C,run-2,adequacao_tema,5
9C-20,9C,run-2,coesao_coerencia,3
9C-20,9C,run-2,estrutura_textual,3
9C-20,9C,run-2,vocabulario,3
9C-20,9C,run-3,adequacao_ling,2
9C-20,9C,run-3,adequacao_tema,5
9C-20,9C,run-3,coesao_coerencia,3
9C-20,9C,run-3,estrutura_textual,2
9C-20,9C,run-3,vocabulario,3
9C-20,9C,run-4,adequacao_ling,2
9C-20,9C,run-4,adequacao_tema,5
9C-20,9C,run-4,coesao_coerencia,3
9C-20,9C,run-4,estrutura_textual,3
9C-20,9C,run-4,vocabulario,3
9C-20,9C,run-5,adequacao_ling,2
9C-20,9C,run-5,adequacao_tema,4
9C-20,9C,run-5,coesao_coerencia,3
9C-20,9C,run-5,estrutura_textual,3
9C-20,9C,run-5,vocabulario,3
9D-01,9D,run-1,adequacao_ling,4
9D-01,9D,run-1,adequacao_tema,3
9D-01,9D,run-1,coesao_coerencia,3
9D-01,9D,run-1,estrutura_textual,2
9D-01,9D,run-1,vocabulario,3
9D-01,9D,run-2,adequacao_ling,2
9D-01,9D,run-2,adequacao_tema,3
9D-01,9D,run-2,coesao_coerencia,2
9D-01,9D,run-2,estrutura_textual,1
9D-01,9D,run-2,vocabulario,2
9D-01,9D,run-3,adequacao_ling,3
9D-01,9D,run-3,adequacao_tema,2
9D-01,9D,run-3,coesao_coerencia,2
9D-01,9D,run-3,estrutura_textual,1
9D-01,9D,run-3,vocabulario,2
9D-01,9D,run-4,adequacao_ling,2
9D-01,9D,run-4,adequacao_tema,3
9D-01,9D,run-4,coesao_coerencia,2
9D-01,9D,run-4,estrutura_textual,1
9D-01,9D,run-4,vocabulario,2
9D-01,9D,run-5,adequacao_ling,3
9D-01,9D,run-5,adequacao_tema,1
9D-01,9D,run-5,coesao_coerencia,2
9D-01,9D,run-5,estrutura_textual,1
9D-01,9D,run-5,vocabulario,2
9D-02,9D,run-1,adequacao_ling,0
9D-02,9D,run-1,adequacao_tema,0
9D-02,9D,run-1,coesao_coerencia,0
9D-02,9D,run-1,estrutura_textual,0
9D-02,9D,run-1,vocabulario,0
9D-02,9D,run-2,adequacao_ling,1
9D-02,9D,run-2,adequacao_tema,0
9D-02,9D,run-2,coesao_coerencia,0
9D-02,9D,run-2,estrutura_textual,0
9D-02,9D,run-2,vocabulario,1
9D-02,9D,run-3,adequacao_ling,0
9D-02,9D,run-3,adequacao_tema,0
9D-02,9D,run-3,coesao_coerencia,0
9D-02,9D,run-3,estrutura_textual,0
9D-02,9D,run-3,vocabulario,0
9D-02,9D,run-4,adequacao_ling,0
9D-02,9D,run-4,adequacao_tema,0
9D-02,9D,run-4,coesao_coerencia,0
9D-02,9D,run-4,estrutura_textual,0
9D-02,9D,run-4,vocabulario,0
9D-02,9D,run-5,adequacao_ling,0
9D-02,9D,run-5,adequacao_tema,0
9D-02,9D,run-5,coesao_coerencia,0
9D-02,9D,run-5,estrutura_textual,0
9D-02,9D,run-5,vocabulario,0
9D-03,9D,run-1,adequacao_ling,2
9D-03,9D,run-1,adequacao_tema,4
9D-03,9D,run-1,coesao_coerencia,2
9D-03,9D,run-1,estrutura_textual,3
9D-03,9D,run-1,vocabulario,3
9D-03,9D,run-2,adequacao_ling,1
9D-03,9D,run-2,adequacao_tema,4
9D-03,9D,run-2,coesao_coerencia,2
9D-03,9D,run-2,estrutura_textual,3
9D-03,9D,run-2,vocabulario,2
9D-03,9D,run-3,adequacao_ling,1
9D-03,9D,run-3,adequacao_tema,4
9D-03,9D,run-3,coesao_coerencia,2
9D-03,9D,run-3,estrutura_textual,2
9D-03,9D,run-3,vocabulario,2
9D-03,9D,run-4,adequacao_ling,1
9D-03,9D,run-4,adequacao_tema,4
9D-03,9D,run-4,coesao_coerencia,2
9D-03,9D,run-4,estrutura_textual,3
9D-03,9D,run-4,vocabulario,2
9D-03,9D,run-5,adequacao_ling,2
9D-03,9D,run-5,adequacao_tema,5
9D-03,9D,run-5,coesao_coerencia,2
9D-03,9D,run-5,estrutura_textual,3
9D-03,9D,run-5,vocabulario,2
9D-04,9D,run-1,adequacao_ling,2
9D-04,9D,run-1,adequacao_tema,4
9D-04,9D,run-1,coesao_coerencia,2
9D-04,9D,run-1,estrutura_textual,2
9D-04,9D,run-1,vocabulario,2
9D-04,9D,run-2,adequacao_ling,2
9D-04,9D,run-2,adequacao_tema,4
9D-04,9D,run-2,coesao_coerencia,2
9D-04,9D,run-2,estrutura_textual,2
9D-04,9D,run-2,vocabulario,2
9D-04,9D,run-3,adequacao_ling,2
9D-04,9D,run-3,adequacao_tema,5
9D-04,9D,run-3,coesao_coerencia,3
9D-04,9D,run-3,estrutura_textual,3
9D-04,9D,run-3,vocabulario,3
9D-04,9D,run-4,adequacao_ling,2
9D-04,9D,run-4,adequacao_tema,4
9D-04,9D,run-4,coesao_coerencia,2
9D-04,9D,run-4,estrutura_textual,2
9D-04,9D,run-4,vocabulario,3
9D-04,9D,run-5,adequacao_ling,1
9D-04,9D,run-5,adequacao_tema,3
9D-04,9D,run-5,coesao_coerencia,2
9D-04,9D,run-5,estrutura_textual,2
9D-04,9D,run-5,vocabulario,2
9D-05,9D,run-1,adequacao_ling,1
9D-05,9D,run-1,adequacao_tema,1
9D-05,9D,run-1,coesao_coerencia,1
9D-05,9D,run-1,estrutura_textual,1
9D-05,9D,run-1,vocabulario,1
9D-05,9D,run-2,adequacao_ling,0
9D-05,9D,run-2,adequacao_tema,2
9D-05,9D,run-2,coesao_coerencia,1
9D-05,9D,run-2,estrutura_textual,1
9D-05,9D,run-2,vocabulario,1
9D-05,9D,run-3,adequacao_ling,2
9D-05,9D,run-3,adequacao_tema,3
9D-05,9D,run-3,coesao_coerencia,2
9D-05,9D,run-3,estrutura_textual,2
9D-05,9D,run-3,vocabulario,2
9D-05,9D,run-4,adequacao_ling,1
9D-05,9D,run-4,adequacao_tema,1
9D-05,9D,run-4,coesao_coerencia,1
9D-05,9D,run-4,estrutura_textual,2
9D-05,9D,run-4,vocabulario,1
9D-05,9D,run-5,adequacao_ling,1
9D-05,9D,run-5,adequacao_tema,2
9D-05,9D,run-5,coesao_coerencia,1
9D-05,9D,run-5,estrutura_textual,1
9D-05,9D,run-5,vocabulario,1
9D-06,9D,run-1,adequacao_ling,2
9D-06,9D,run-1,adequacao_tema,4
9D-06,9D,run-1,coesao_coerencia,2
9D-06,9D,run-1,estrutura_textual,2
9D-06,9D,run-1,vocabulario,2
9D-06,9D,run-2,adequacao_ling,1
9D-06,9D,run-2,adequacao_tema,3
9D-06,9D,run-2,coesao_coerencia,1
9D-06,9D,run-2,estrutura_textual,2
9D-06,9D,run-2,vocabulario,1
9D-06,9D,run-3,adequacao_ling,1
9D-06,9D,run-3,adequacao_tema,4
9D-06,9D,run-3,coesao_coerencia,1
9D-06,9D,run-3,estrutura_textual,1
9D-06,9D,run-3,vocabulario,1
9D-06,9D,run-4,adequacao_ling,2
9D-06,9D,run-4,adequacao_tema,4
9D-06,9D,run-4,coesao_coerencia,2
9D-06,9D,run-4,estrutura_textual,2
9D-06,9D,run-4,vocabulario,3
9D-06,9D,run-5,adequacao_ling,1
9D-06,9D,run-5,adequacao_tema,3
9D-06,9D,run-5,coesao_coerencia,1
9D-06,9D,run-5,estrutura_textual,2
9D-06,9D,run-5,vocabulario,2
9D-07,9D,run-1,adequacao_ling,2
9D-07,9D,run-1,adequacao_tema,5
9D-07,9D,run-1,coesao_coerencia,2
9D-07,9D,run-1,estrutura_textual,2
9D-07,9D,run-1,vocabulario,2
9D-07,9D,run-2,adequacao_ling,2
9D-07,9D,run-2,adequacao_tema,4
9D-07,9D,run-2,coesao_coerencia,2
9D-07,9D,run-2,estrutura_textual,2
9D-07,9D,run-2,vocabulario,2
9D-07,9D,run-3,adequacao_ling,2
9D-07,9D,run-3,adequacao_tema,6
9D-07,9D,run-3,coesao_coerencia,2
9D-07,9D,run-3,estrutura_textual,3
9D-07,9D,run-3,vocabulario,2
9D-07,9D,run-4,adequacao_ling,2
9D-07,9D,run-4,adequacao_tema,4
9D-07,9D,run-4,coesao_coerencia,2
9D-07,9D,run-4,estrutura_textual,2
9D-07,9D,run-4,vocabulario,2
9D-07,9D,run-5,adequacao_ling,1
9D-07,9D,run-5,adequacao_tema,5
9D-07,9D,run-5,coesao_coerencia,2
9D-07,9D,run-5,estrutura_textual,2
9D-07,9D,run-5,vocabulario,2
9D-08,9D,run-1,adequacao_ling,1
9D-08,9D,run-1,adequacao_tema,2
9D-08,9D,run-1,coesao_coerencia,1
9D-08,9D,run-1,estrutura_textual,1
9D-08,9D,run-1,vocabulario,2
9D-08,9D,run-2,adequacao_ling,1
9D-08,9D,run-2,adequacao_tema,1
9D-08,9D,run-2,coesao_coerencia,0
9D-08,9D,run-2,estrutura_textual,0
9D-08,9D,run-2,vocabulario,1
9D-08,9D,run-3,adequacao_ling,1
9D-08,9D,run-3,adequacao_tema,2
9D-08,9D,run-3,coesao_coerencia,1
9D-08,9D,run-3,estrutura_textual,1
9D-08,9D,run-3,vocabulario,2
9D-08,9D,run-4,adequacao_ling,1
9D-08,9D,run-4,adequacao_tema,2
9D-08,9D,run-4,coesao_coerencia,1
9D-08,9D,run-4,estrutura_textual,1
9D-08,9D,run-4,vocabulario,1
9D-08,9D,run-5,adequacao_ling,1
9D-08,9D,run-5,adequacao_tema,2
9D-08,9D,run-5,coesao_coerencia,1
9D-08,9D,run-5,estrutura_textual,1
9D-08,9D,run-5,vocabulario,1
9D-09,9D,run-1,adequacao_ling,1
9D-09,9D,run-1,adequacao_tema,2
9D-09,9D,run-1,coesao_coerencia,1
9D-09,9D,run-1,estrutura_textual,1
9D-09,9D,run-1,vocabulario,1
9D-09,9D,run-2,adequacao_ling,1
9D-09,9D,run-2,adequacao_tema,4
9D-09,9D,run-2,coesao_coerencia,1
9D-09,9D,run-2,estrutura_textual,2
9D-09,9D,run-2,vocabulario,2
9D-09,9D,run-3,adequacao_ling,2
9D-09,9D,run-3,adequacao_tema,4
9D-09,9D,run-3,coesao_coerencia,2
9D-09,9D,run-3,estrutura_textual,2
9D-09,9D,run-3,vocabulario,2
9D-09,9D,run-4,adequacao_ling,2
9D-09,9D,run-4,adequacao_tema,4
9D-09,9D,run-4,coesao_coerencia,2
9D-09,9D,run-4,estrutura_textual,2
9D-09,9D,run-4,vocabulario,2
9D-09,9D,run-5,adequacao_ling,1
9D-09,9D,run-5,adequacao_tema,3
9D-09,9D,run-5,coesao_coerencia,2
9D-09,9D,run-5,estrutura_textual,2
9D-09,9D,run-5,vocabulario,2
9D-10,9D,run-1,adequacao_ling,2
9D-10,9D,run-1,adequacao_tema,3
9D-10,9D,run-1,coesao_coerencia,1
9D-10,9D,run-1,estrutura_textual,1
9D-10,9D,run-1,vocabulario,3
9D-10,9D,run-2,adequacao_ling,2
9D-10,9D,run-2,adequacao_tema,2
9D-10,9D,run-2,coesao_coerencia,1
9D-10,9D,run-2,estrutura_textual,1
9D-10,9D,run-2,vocabulario,2
9D-10,9D,run-3,adequacao_ling,2
9D-10,9D,run-3,adequacao_tema,2
9D-10,9D,run-3,coesao_coerencia,2
9D-10,9D,run-3,estrutura_textual,1
9D-10,9D,run-3,vocabulario,2
9D-10,9D,run-4,adequacao_ling,3
9D-10,9D,run-4,adequacao_tema,4
9D-10,9D,run-4,coesao_coerencia,2
9D-10,9D,run-4,estrutura_textual,2
9D-10,9D,run-4,vocabulario,4
9D-10,9D,run-5,adequacao_ling,2
9D-10,9D,run-5,adequacao_tema,4
9D-10,9D,run-5,coesao_coerencia,2
9D-10,9D,run-5,estrutura_textual,2
9D-10,9D,run-5,vocabulario,3
9D-11,9D,run-1,adequacao_ling,3
9D-11,9D,run-1,adequacao_tema,4
9D-11,9D,run-1,coesao_coerencia,2
9D-11,9D,run-1,estrutura_textual,2
9D-11,9D,run-1,vocabulario,3
9D-11,9D,run-2,adequacao_ling,2
9D-11,9D,run-2,adequacao_tema,5
9D-11,9D,run-2,coesao_coerencia,2
9D-11,9D,run-2,estrutura_textual,3
9D-11,9D,run-2,vocabulario,3
9D-11,9D,run-3,adequacao_ling,2
9D-11,9D,run-3,adequacao_tema,5
9D-11,9D,run-3,coesao_coerencia,2
9D-11,9D,run-3,estrutura_textual,3
9D-11,9D,run-3,vocabulario,3
9D-11,9D,run-4,adequacao_ling,3
9D-11,9D,run-4,adequacao_tema,5
9D-11,9D,run-4,coesao_coerencia,3
9D-11,9D,run-4,estrutura_textual,3
9D-11,9D,run-4,vocabulario,4
9D-11,9D,run-5,adequacao_ling,2
9D-11,9D,run-5,adequacao_tema,5
9D-11,9D,run-5,coesao_coerencia,3
9D-11,9D,run-5,estrutura_textual,3
9D-11,9D,run-5,vocabulario,3
9D-12,9D,run-1,adequacao_ling,2
9D-12,9D,run-1,adequacao_tema,5
9D-12,9D,run-1,coesao_coerencia,3
9D-12,9D,run-1,estrutura_textual,3
9D-12,9D,run-1,vocabulario,3
9D-12,9D,run-2,adequacao_ling,1
9D-12,9D,run-2,adequacao_tema,3
9D-12,9D,run-2,coesao_coerencia,2
9D-12,9D,run-2,estrutura_textual,2
9D-12,9D,run-2,vocabulario,2
9D-12,9D,run-3,adequacao_ling,2
9D-12,9D,run-3,adequacao_tema,3
9D-12,9D,run-3,coesao_coerencia,2
9D-12,9D,run-3,estrutura_textual,2
9D-12,9D,run-3,vocabulario,2
9D-12,9D,run-4,adequacao_ling,1
9D-12,9D,run-4,adequacao_tema,4
9D-12,9D,run-4,coesao_coerencia,2
9D-12,9D,run-4,estrutura_textual,2
9D-12,9D,run-4,vocabulario,2
9D-12,9D,run-5,adequacao_ling,2
9D-12,9D,run-5,adequacao_tema,4
9D-12,9D,run-5,coesao_coerencia,2
9D-12,9D,run-5,estrutura_textual,2
9D-12,9D,run-5,vocabulario,2
9D-13,9D,run-1,adequacao_ling,1
9D-13,9D,run-1,adequacao_tema,3
9D-13,9D,run-1,coesao_coerencia,1
9D-13,9D,run-1,estrutura_textual,1
9D-13,9D,run-1,vocabulario,2
9D-13,9D,run-2,adequacao_ling,1
9D-13,9D,run-2,adequacao_tema,3
9D-13,9D,run-2,coesao_coerencia,2
9D-13,9D,run-2,estrutura_textual,2
9D-13,9D,run-2,vocabulario,2
9D-13,9D,run-3,adequacao_ling,1
9D-13,9D,run-3,adequacao_tema,2
9D-13,9D,run-3,coesao_coerencia,1
9D-13,9D,run-3,estrutura_textual,1
9D-13,9D,run-3,vocabulario,1
9D-13,9D,run-4,adequacao_ling,1
9D-13,9D,run-4,adequacao_tema,2
9D-13,9D,run-4,coesao_coerencia,1
9D-13,9D,run-4,estrutura_textual,1
9D-13,9D,run-4,vocabulario,1
9D-13,9D,run-5,adequacao_ling,1
9D-13,9D,run-5,adequacao_tema,3
9D-13,9D,run-5,coesao_coerencia,2
9D-13,9D,run-5,estrutura_textual,1
9D-13,9D,run-5,vocabulario,2
9D-14,9D,run-1,adequacao_ling,3
9D-14,9D,run-1,adequacao_tema,6
9D-14,9D,run-1,coesao_coerencia,4
9D-14,9D,run-1,estrutura_textual,4
9D-14,9D,run-1,vocabulario,4
9D-14,9D,run-2,adequacao_ling,4
9D-14,9D,run-2,adequacao_tema,8
9D-14,9D,run-2,coesao_coerencia,6
9D-14,9D,run-2,estrutura_textual,5
9D-14,9D,run-2,vocabulario,5
9D-14,9D,run-3,adequacao_ling,3
9D-14,9D,run-3,adequacao_tema,6
9D-14,9D,run-3,coesao_coerencia,4
9D-14,9D,run-3,estrutura_textual,4
9D-14,9D,run-3,vocabulario,4
9D-14,9D,run-4,adequacao_ling,3
9D-14,9D,run-4,adequacao_tema,6
9D-14,9D,run-4,coesao_coerencia,4
9D-14,9D,run-4,estrutura_textual,4
9D-14,9D,run-4,vocabulario,4
9D-14,9D,run-5,adequacao_ling,4
9D-14,9D,run-5,adequacao_tema,6
9D-14,9D,run-5,coesao_coerencia,5
9D-14,9D,run-5,estrutura_textual,4
9D-14,9D,run-5,vocabulario,4
9D-15,9D,run-1,adequacao_ling,2
9D-15,9D,run-1,adequacao_tema,5
9D-15,9D,run-1,coesao_coerencia,3
9D-15,9D,run-1,estrutura_textual,2
9D-15,9D,run-1,vocabulario,3
9D-15,9D,run-2,adequacao_ling,2
9D-15,9D,run-2,adequacao_tema,5
9D-15,9D,run-2,coesao_coerencia,4
9D-15,9D,run-2,estrutura_textual,3
9D-15,9D,run-2,vocabulario,3
9D-15,9D,run-3,adequacao_ling,2
9D-15,9D,run-3,adequacao_tema,5
9D-15,9D,run-3,coesao_coerencia,4
9D-15,9D,run-3,estrutura_textual,3
9D-15,9D,run-3,vocabulario,3
9D-15,9D,run-4,adequacao_ling,2
9D-15,9D,run-4,adequacao_tema,4
9D-15,9D,run-4,coesao_coerencia,2
9D-15,9D,run-4,estrutura_textual,2
9D-15,9D,run-4,vocabulario,2
9D-15,9D,run-5,adequacao_ling,2
9D-15,9D,run-5,adequacao_tema,5
9D-15,9D,run-5,coesao_coerencia,3
9D-15,9D,run-5,estrutura_textual,3
9D-15,9D,run-5,vocabulario,2
9D-16,9D,run-1,adequacao_ling,1
9D-16,9D,run-1,adequacao_tema,4
9D-16,9D,run-1,coesao_coerencia,2
9D-16,9D,run-1,estrutura_textual,3
9D-16,9D,run-1,vocabulario,2
9D-16,9D,run-2,adequacao_ling,2
9D-16,9D,run-2,adequacao_tema,6
9D-16,9D,run-2,coesao_coerencia,3
9D-16,9D,run-2,estrutura_textual,4
9D-16,9D,run-2,vocabulario,2
9D-16,9D,run-3,adequacao_ling,1
9D-16,9D,run-3,adequacao_tema,4
9D-16,9D,run-3,coesao_coerencia,2
9D-16,9D,run-3,estrutura_textual,3
9D-16,9D,run-3,vocabulario,2
9D-16,9D,run-4,adequacao_ling,1
9D-16,9D,run-4,adequacao_tema,6
9D-16,9D,run-4,coesao_coerencia,2
9D-16,9D,run-4,estrutura_textual,3
9D-16,9D,run-4,vocabulario,2
9D-16,9D,run-5,adequacao_ling,2
9D-16,9D,run-5,adequacao_tema,6
9D-16,9D,run-5,coesao_coerencia,3
9D-16,9D,run-5,estrutura_textual,4
9D-16,9D,run-5,vocabulario,3
9D-17,9D,run-1,adequacao_ling,1
9D-17,9D,run-1,adequacao_tema,1
9D-17,9D,run-1,coesao_coerencia,1
9D-17,9D,run-1,estrutura_textual,1
9D-17,9D,run-1,vocabulario,1
9D-17,9D,run-2,adequacao_ling,1
9D-17,9D,run-2,adequacao_tema,2
9D-17,9D,run-2,coesao_coerencia,1
9D-17,9D,run-2,estrutura_textual,1
9D-17,9D,run-2,vocabulario,2
9D-17,9D,run-3,adequacao_ling,1
9D-17,9D,run-3,adequacao_tema,1
9D-17,9D,run-3,coesao_coerencia,1
9D-17,9D,run-3,estrutura_textual,1
9D-17,9D,run-3,vocabulario,1
9D-17,9D,run-4,adequacao_ling,1
9D-17,9D,run-4,adequacao_tema,1
9D-17,9D,run-4,coesao_coerencia,0
9D-17,9D,run-4,estrutura_textual,1
9D-17,9D,run-4,vocabulario,1
9D-17,9D,run-5,adequacao_ling,1
9D-17,9D,run-5,adequacao_tema,2
9D-17,9D,run-5,coesao_coerencia,1
9D-17,9D,run-5,estrutura_textual,1
9D-17,9D,run-5,vocabulario,1
