rotulo,turma,execucao,job_id,attempt_number,outcome,status_job,provider,model,served_provider,prompt_version,rubric_version,code_version,temperature,seed,cache_ttl,tokens_in,tokens_out,cache_read_tokens,cache_write_tokens,cost_usd,cost_source,latency_ms,model_retries,guard_retries,guards_disparados
9A-01,9A,run-1,9acff12e-b0c0-41f0-9237-c4625e880518,1,success,done,openrouter,deepseek/deepseek-v4.1-flash,DeepInfra,1,1,4aa7bc194f60,0.0,42,5m,934,1839,768,0,0.00079885,charged,31714,0,0,
9A-01,9A,run-2,bb077120-2ea9-4a3c-9399-e235d013df0a,1,success,done,openrouter,deepseek/deepseek-v4.1-flash,DeepInfra,1,1,4aa7bc194f60,0.0,42,5m,934,2071,896,0,0.00087890,charged,44439,0,0,
9A-01,9A,run-3,03b39729-6c8e-4b6f-9cee-a99174d88270,1,success,done,openrouter,deepseek/deepseek-v4.1-flash,DeepInfra,1,1,4aa7bc194f60,0.0,42,5m,3566,2801,3456,0,0.00120634,charged,40013,1,1,citacoes
9A-01,9A,run-4,6bf99b25-2059-440d-9864-87b12478aa80,1,retry,done,openrouter,deepseek/deepseek-v4.1-flash,DeepInfra,1,1,4aa7bc194f60,0.0,42,5m,8134,4837,7936,0,0.00209259,charged,60652,2,3,citacoes
9A-01,9A,run-4,6bf99b25-2059-440d-9864-87b12478aa80,2,success,done,openrouter,deepseek/deepseek-v4.1-flash,DeepInfra,1,1,4aa7bc194f60,0.0,42,5m,934,2311,896,0,0.00097970,charged,54599,0,0,
9A-01,9A,run-5,6ac140a8-918f-4545-ae42-7ceb045e5912,1,success,done,openrouter,deepseek/deepseek-v4.1-flash,DeepInfra,1,1,4aa7bc194f60,0.0,42,5m,934,2264,896,0,0.00095996,charged,53437,0,0,
9A-02,9A,run-1,e3d2a7f6-09cf-429f-b80c-a27fd189e903,1,success,done,openrouter,deepseek/deepseek-v4.1-flash,DeepInfra,1,1,4aa7bc194f60,0.0,42,5m,7466,4608,7168,0,0.00200719,charged,68457,2,2,citacoes
9A-02,9A,run-2,9b283bd2-a387-4f5a-97f8-3739ee1cb8f9,1,success,done,openrouter,deepseek/deepseek-v4.1-flash,DeepInfra,1,1,4aa7bc194f60,0.0,42,5m,3314,3141,3072,0,0.00136600,charged,54197,1,1,citacoes
9A-02,9A,run-3,347c0a3f-a22b-435d-84fd-f2cb663a21b6,1,retry,done,openrouter,deepseek/deepseek-v4.1-flash,DeepInfra,1,1,4aa7bc194f60,0.0,42,5m,7059,9180,6784,0,0.00392259,charged,153951,2,3,citacoes
9A-02,9A,run-3,347c0a3f-a22b-435d-84fd-f2cb663a21b6,2,success,done,openrouter,deepseek/deepseek-v4.1-flash,DeepInfra,1,1,4aa7bc194f60,0.0,42,5m,848,1310,768,0,0.00056463,charged,35738,0,0,
9A-02,9A,run-4,dfc66b31-62bc-4f18-973d-6e7516fb2375,1,success,done,openrouter,deepseek/deepseek-v4.1-flash,DeepInfra,1,1,4aa7bc194f60,0.0,42,5m,848,1755,768,0,0.00075153,charged,26223,0,0,
9A-02,9A,run-5,03a57248-1c71-4dbd-ab0d-726461fae5b0,1,retry,done,openrouter,deepseek/deepseek-v4.1-flash,DeepInfra,1,1,4aa7bc194f60,0.0,42,5m,6953,4144,3968,0,0.00217505,charged,77564,2,3,citacoes
9A-02,9A,run-5,03a57248-1c71-4dbd-ab0d-726461fae5b0,2,success,done,openrouter,deepseek/deepseek-v4.1-flash,DeepInfra,1,1,4aa7bc194f60,0.0,42,5m,848,1523,768,0,0.00065409,charged,20903,0,0,
9A-03,9A,run-1,9710f988-0010-41f2-9877-77cf1f098d59,1,success,done,openrouter,deepseek/deepseek-v4.1-flash,DeepInfra,1,1,4aa7bc194f60,0.0,42,5m,3428,2992,3200,0,0.00130200,charged,45221,1,1,citacoes
9A-03,9A,run-2,618f7f26-3a0d-447e-841a-75a73b13828e,1,success,done,openrouter,deepseek/deepseek-v4.1-flash,DeepInfra,1,1,4aa7bc194f60,0.0,42,5m,855,1576,768,0,0.00067733,charged,29410,0,0,
9A-03,9A,run-3,c691dda7-5a65-4342-9432-00dd817dc7f4,1,success,done,openrouter,deepseek/deepseek-v4.1-flash,DeepInfra,1,1,4aa7bc194f60,0.0,42,5m,855,1553,768,0,0.00066767,charged,35878,0,0,
9A-03,9A,run-4,f148f73c-9079-4784-8fda-6c0df37fd588,1,success,done,openrouter,deepseek/deepseek-v4.1-flash,DeepInfra,1,1,4aa7bc194f60,0.0,42,5m,3717,3032,1536,0,0.00158523,charged,40921,1,1,citacoes
9A-03,9A,run-5,a3f736e0-a104-41ba-a9ff-48be6daae185,1,success,done,openrouter,deepseek/deepseek-v4.1-flash,DeepInfra,1,1,4aa7bc194f60,0.0,42,5m,3082,2582,1536,0,0.00130733,charged,51513,1,1,citacoes
9A-04,9A,run-1,5cd2a09d-3e1d-47d1-9e54-9c1aa9a44549,1,success,done,openrouter,deepseek/deepseek-v4.1-flash,DeepInfra,1,1,4aa7bc194f60,0.0,42,5m,972,2085,768,0,0.00090749,charged,38409,0,0,
9A-04,9A,run-2,564d7a27-bc94-435c-95ec-4900c6ce9029,1,success,done,openrouter,deepseek/deepseek-v4.1-flash,DeepInfra,1,1,4aa7bc194f60,0.0,42,5m,972,2136,896,0,0.00091152,charged,47412,0,0,
9A-04,9A,run-3,1bb1681a-4399-4c9b-8868-4e082a8a3cf5,1,success,done,openrouter,deepseek/deepseek-v4.1-flash,DeepInfra,1,1,4aa7bc194f60,0.0,42,5m,972,1939,896,0,0.00082878,charged,35519,0,0,
9A-04,9A,run-4,75db5b36-1ae7-4666-8b0d-1ae08d16c82a,1,success,done,openrouter,deepseek/deepseek-v4.1-flash,DeepInfra,1,1,4aa7bc194f60,0.0,42,5m,972,1690,896,0,0.00072420,charged,27352,0,0,
9A-04,9A,run-5,e1031ce1-d4fe-47fb-a717-6064f2e0ab4a,1,success,done,openrouter,deepseek/deepseek-v4.1-flash,DeepInfra,1,1,4aa7bc194f60,0.0,42,5m,972,2468,896,0,0.00105096,charged,63304,0,0,
9A-05,9A,run-1,65a2429b-e51e-45d1-8037-4592da33e29b,1,success,done,openrouter,deepseek/deepseek-v4.1-flash,DeepInfra,1,1,4aa7bc194f60,0.0,42,5m,3408,2810,1536,0,0.00144873,charged,43796,1,1,citacoes
9A-05,9A,run-2,124f6e53-3050-4176-b68e-14a3f63df866,1,success,done,openrouter,deepseek/deepseek-v4.1-flash,DeepInfra,1,1,4aa7bc194f60,0.0,42,5m,876,2087,768,0,0.00089489,charged,36335,0,0,
9A-05,9A,run-3,412e46a5-c10a-400f-ba2a-2fe3ee2ab9cb,1,success,done,openrouter,deepseek/deepseek-v4.1-flash,DeepInfra,1,1,4aa7bc194f60,0.0,42,5m,3370,2970,1536,0,0.00151061,charged,55678,1,1,citacoes
9A-05,9A,run-4,2f4e22b0-44ed-4083-bf4b-9df1d79ba4ee,1,success,done,openrouter,deepseek/deepseek-v4.1-flash,DeepInfra,1,1,4aa7bc194f60,0.0,42,5m,876,1930,768,0,0.00082895,charged,29905,0,0,
9A-05,9A,run-5,cbf00e39-471f-44d1-a1e8-25739b86b77a,1,success,done,openrouter,deepseek/deepseek-v4.1-flash,DeepInfra,1,1,4aa7bc194f60,0.0,42,5m,876,1761,768,0,0.00075797,charged,41184,0,0,
9A-06,9A,run-1,4349ff19-d2d9-4d5e-aa73-63696c023e33,1,success,done,openrouter,deepseek/deepseek-v4.1-flash,DeepInfra,1,1,4aa7bc194f60,0.0,42,5m,901,2165,896,0,0.00091376,charged,34507,0,0,
9A-06,9A,run-2,8eb7bff2-853c-4afd-8f23-579ca76014f4,1,success,done,openrouter,deepseek/deepseek-v4.1-flash,DeepInfra,1,1,4aa7bc194f60,0.0,42,5m,901,1703,768,0,0.00073711,charged,36555,0,0,
9A-06,9A,run-3,9e724546-b97a-4732-9501-7331dfc5d10f,1,success,done,openrouter,deepseek/deepseek-v4.1-flash,DeepInfra,1,1,4aa7bc194f60,0.0,42,5m,901,2194,896,0,0.00092594,charged,35428,0,0,
9A-06,9A,run-4,9b820015-49a4-4f7f-af8e-7ddfd631c871,1,success,done,openrouter,deepseek/deepseek-v4.1-flash,DeepInfra,1,1,4aa7bc194f60,0.0,42,5m,901,2318,896,0,0.00097802,charged,32837,0,0,
9A-06,9A,run-5,49c4545b-b8d3-4062-90be-8f1e43639c16,1,success,done,openrouter,deepseek/deepseek-v4.1-flash,DeepInfra,1,1,4aa7bc194f60,0.0,42,5m,901,2322,896,0,0.00097970,charged,53506,0,0,
9A-07,9A,run-1,053d4b55-9cb7-4002-8c3f-6fff533d7142,1,success,done,openrouter,deepseek/deepseek-v4.1-flash,DeepInfra,1,1,4aa7bc194f60,0.0,42,5m,899,2246,768,0,0.00096489,charged,39693,0,0,
9A-07,9A,run-2,b5da5aba-5e08-49f8-86c5-5cc89404ed0e,1,success,done,openrouter,deepseek/deepseek-v4.1-flash,DeepInfra,1,1,4aa7bc194f60,0.0,42,5m,8329,6220,8064,0,0.00268337,charged,98113,2,2,citacoes
9A-07,9A,run-3,4773b288-40c3-4f2b-9714-41b16a55207d,1,success,done,openrouter,deepseek/deepseek-v4.1-flash,DeepInfra,1,1,4aa7bc194f60,0.0,42,5m,899,2252,896,0,0.00095002,charged,37152,0,0,
9A-07,9A,run-4,fefc6f83-421b-41e6-bf4f-7a50d63b6e16,1,success,done,openrouter,deepseek/deepseek-v4.1-flash,DeepInfra,1,1,4aa7bc194f60,0.0,42,5m,4118,4519,1792,0,0.00223115,charged,59217,1,1,citacoes
9A-07,9A,run-5,731242e4-3be4-4956-9941-f8a038042b60,1,success,done,openrouter,deepseek/deepseek-v4.1-flash,DeepInfra,1,1,4aa7bc194f60,0.0,42,5m,8080,5083,6272,0,0.00241432,charged,94331,2,2,citacoes
9A-08,9A,run-1,ee6d712b-f543-4116-9ffd-fc0b8be63520,1,success,done,openrouter,deepseek/deepseek-v4.1-flash,DeepInfra,1,1,4aa7bc194f60,0.0,42,5m,896,1551,768,0,0.00067257,charged,25195,0,0,
9A-08,9A,run-2,a6f11267-c11c-451f-9c76-cdbcc3dc20b9,1,success,done,openrouter,deepseek/deepseek-v4.1-flash,DeepInfra,1,1,4aa7bc194f60,0.0,42,5m,3176,2697,1664,0,0.00135141,charged,51478,1,1,citacoes
9A-08,9A,run-3,f3301806-02d2-48fd-a041-93454c0d1b12,1,success,done,openrouter,deepseek/deepseek-v4.1-flash,DeepInfra,1,1,4aa7bc194f60,0.0,42,5m,896,1364,768,0,0.00059403,charged,25525,0,0,
9A-08,9A,run-4,6eaed153-88b0-4da3-a0b5-5e75889014fa,1,success,done,openrouter,deepseek/deepseek-v4.1-flash,DeepInfra,1,1,4aa7bc194f60,0.0,42,5m,896,1341,768,0,0.00058437,charged,20700,0,0,
9A-08,9A,run-5,873ebbeb-24b9-49a4-87d0-cc4977e5d17c,1,success,done,openrouter,deepseek/deepseek-v4.1-flash,DeepInfra,1,1,4aa7bc194f60,0.0,42,5m,896,1263,768,0,0.00055161,charged,32284,0,0,
9A-09,9A,run-1,c99be224-5df4-471c-88d9-0916818167b4,1,success,done,openrouter,deepseek/deepseek-v4.1-flash,DeepInfra,1,1,4aa7bc194f60,0.0,42,5m,917,1877,896,0,0.00079504,charged,33472,0,0,
9A-09,9A,run-2,833ade3b-245c-49bd-9408-8f53a6e2b908,1,success,done,openrouter,deepseek/deepseek-v4.1-flash,DeepInfra,1,1,4aa7bc194f60,0.0,42,5m,917,1115,768,0,0.00049239,charged,30435,0,0,
9A-09,9A,run-3,49386a13-8175-4ff5-813a-e4cca0762fb9,1,success,done,openrouter,deepseek/deepseek-v4.1-flash,DeepInfra,1,1,4aa7bc194f60,0.0,42,5m,8045,4901,6016,0,0.00236775,charged,76254,2,2,citacoes
9A-09,9A,run-4,2c8205e7-d998-45d0-9b33-4eccfd45752a,1,success,done,openrouter,deepseek/deepseek-v4.1-flash,DeepInfra,1,1,4aa7bc194f60,0.0,42,5m,917,2576,896,0,0.00108862,charged,36233,0,0,
9A-09,9A,run-5,36f965d9-6642-474c-bf01-da30dcb0db52,1,success,done,openrouter,deepseek/deepseek-v4.1-flash,DeepInfra,1,1,4aa7bc194f60,0.0,42,5m,917,1573,896,0,0.00066736,charged,45557,0,0,
9A-10,9A,run-1,6f895f70-7191-4c33-a58b-b474d1a622fa,1,success,done,openrouter,deepseek/deepseek-v4.1-flash,DeepInfra,1,1,4aa7bc194f60,0.0,42,5m,865,1453,768,0,0.00062707,charged,24558,0,0,
9A-10,9A,run-2,01eb1138-1d7b-425a-bb56-071bf138dca7,1,success,done,openrouter,deepseek/deepseek-v4.1-flash,DeepInfra,1,1,4aa7bc194f60,0.0,42,5m,3435,3306,1536,0,0.00166083,charged,54035,1,1,citacoes
9A-10,9A,run-3,e5559c34-b6c7-4cb4-bd1f-5fc749908d45,1,success,done,openrouter,deepseek/deepseek-v4.1-flash,DeepInfra,1,1,4aa7bc194f60,0.0,42,5m,8177,5074,4224,0,0.00270224,charged,76409,2,2,citacoes
9A-10,9A,run-4,102f440b-da07-4874-a19b-dd33c95fcb73,1,success,done,openrouter,deepseek/deepseek-v4.1-flash,DeepInfra,1,1,4aa7bc194f60,0.0,42,5m,865,1539,768,0,0.00066319,charged,24258,0,0,
9A-10,9A,run-5,2a9c1cc4-a0da-482e-83ec-d749a6d3aa93,1,success,done,openrouter,deepseek/deepseek-v4.1-flash,DeepInfra,1,1,4aa7bc194f60,0.0,42,5m,8064,6284,7680,0,0.00272530,charged,89883,2,2,citacoes
9A-11,9A,run-1,2a5f784d-23d1-4fd4-bbd6-78bb9cf0f97a,1,success,done,openrouter,deepseek/deepseek-v4.1-flash,DeepInfra,1,1,4aa7bc194f60,0.0,42,5m,892,1656,768,0,0.00071611,charged,29854,0,0,
9A-11,9A,run-2,d56eb183-c3e3-4646-957a-5b20208e7643,1,success,done,openrouter,deepseek/deepseek-v4.1-flash,DeepInfra,1,1,4aa7bc194f60,0.0,42,5m,892,1759,768,0,0.00075937,charged,31265,0,0,
9A-11,9A,run-3,00772f3c-62a8-427b-a5f2-e4b81e725bf2,1,success,done,openrouter,deepseek/deepseek-v4.1-flash,DeepInfra,1,1,4aa7bc194f60,0.0,42,5m,892,1856,768,0,0.00080011,charged,43382,0,0,
9A-11,9A,run-4,4ac0bfeb-d236-4e13-9e5b-77f770e243a0,1,success,done,openrouter,deepseek/deepseek-v4.1-flash,DeepInfra,1,1,4aa7bc194f60,0.0,42,5m,892,2046,768,0,0.00087991,charged,31235,0,0,
9A-11,9A,run-5,54fce2dc-7d0a-4a0b-99ca-528ae2f39ce5,1,success,done,openrouter,deepseek/deepseek-v4.1-flash,DeepInfra,1,1,4aa7bc194f60,0.0,42,5m,892,2367,768,0,0.00101473,charged,45964,0,0,
9A-12,9A,run-1,5991edcc-7f9a-4e21-881c-4388b14044a2,1,success,done,openrouter,deepseek/deepseek-v4.1-flash,DeepInfra,1,1,4aa7bc194f60,0.0,42,5m,3045,2270,2048,0,0.00110158,charged,36542,1,1,citacoes
9A-12,9A,run-2,ac9e7f8a-534f-439d-8851-519354267c25,1,success,done,openrouter,deepseek/deepseek-v4.1-flash,DeepInfra,1,1,4aa7bc194f60,0.0,42,5m,864,1556,768,0,0.00067019,charged,29975,0,0,
9A-12,9A,run-3,1fe0f6be-362c-4b6d-a4b3-3daf65de323a,1,success,done,openrouter,deepseek/deepseek-v4.1-flash,DeepInfra,1,1,4aa7bc194f60,0.0,42,5m,864,2216,768,0,0.00094739,charged,49306,0,0,
9A-12,9A,run-4,eda68698-5deb-4be9-8baf-a530469d297d,1,success,done,openrouter,deepseek/deepseek-v4.1-flash,DeepInfra,1,1,4aa7bc194f60,0.0,42,5m,3204,2627,1536,0,0.00134331,charged,35511,1,1,citacoes
9A-12,9A,run-5,c561583c-86b4-4764-9087-46eeca15e76d,1,success,done,openrouter,deepseek/deepseek-v4.1-flash,DeepInfra,1,1,4aa7bc194f60,0.0,42,5m,864,1639,768,0,0.00070505,charged,39545,0,0,
9A-13,9A,run-1,4d068a95-01f0-4f6f-b9cf-51f0fb1dacd7,1,success,done,openrouter,deepseek/deepseek-v4.1-flash,DeepInfra,1,1,4aa7bc194f60,0.0,42,5m,862,1249,768,0,0.00054097,charged,21617,0,0,
9A-13,9A,run-2,3cfc911f-0f51-4315-9621-6944db83e5af,1,success,done,openrouter,deepseek/deepseek-v4.1-flash,DeepInfra,1,1,4aa7bc194f60,0.0,42,5m,3687,4497,3456,0,0.00193560,charged,70768,1,1,citacoes
9A-13,9A,run-3,68e34301-cd37-4805-b2d6-e21494f8408f,1,success,done,openrouter,deepseek/deepseek-v4.1-flash,DeepInfra,1,1,4aa7bc194f60,0.0,42,5m,862,1645,768,0,0.00070729,charged,36667,0,0,
9A-13,9A,run-4,e445f5d5-c3b7-43ee-af25-70c187960d2e,1,success,done,openrouter,deepseek/deepseek-v4.1-flash,DeepInfra,1,1,4aa7bc194f60,0.0,42,5m,862,1582,768,0,0.00068083,charged,31856,0,0,
9A-13,9A,run-5,4449338c-6c81-457c-98f0-266d22d02640,1,success,done,openrouter,deepseek/deepseek-v4.1-flash,DeepInfra,1,1,4aa7bc194f60,0.0,42,5m,3270,3410,1536,0,0.00168141,charged,65354,1,1,citacoes
9A-14,9A,run-1,d71576f6-0ba1-479b-8bd1-886c967731fb,1,success,done,openrouter,deepseek/deepseek-v4.1-flash,DeepInfra,1,1,4aa7bc194f60,0.0,42,5m,942,2277,896,0,0.00096654,charged,38409,0,0,
9A-14,9A,run-2,3379dde4-f6d0-4b2f-b6d7-1062cde9f556,1,success,done,openrouter,deepseek/deepseek-v4.1-flash,DeepInfra,1,1,4aa7bc194f60,0.0,42,5m,8796,8056,4992,0,0.00393705,charged,118773,2,2,citacoes
9A-14,9A,run-3,447d17ff-2ddc-4d39-9455-21275575f6e4,1,success,done,openrouter,deepseek/deepseek-v4.1-flash,DeepInfra,1,1,4aa7bc194f60,0.0,42,5m,942,1936,896,0,0.00082332,charged,33640,0,0,
9A-14,9A,run-4,76355596-1e09-4045-891d-ab5ca5a05809,1,success,done,openrouter,deepseek/deepseek-v4.1-flash,DeepInfra,1,1,4aa7bc194f60,0.0,42,5m,4286,4196,4096,0,0.00180612,charged,51631,1,1,citacoes
9A-14,9A,run-5,043abbfd-1ad9-4404-8f0b-f231f6676dd2,1,success,done,openrouter,deepseek/deepseek-v4.1-flash,DeepInfra,1,1,4aa7bc194f60,0.0,42,5m,7559,4864,5760,0,0.00231893,charged,89508,2,2,citacoes
9A-15,9A,run-1,ea2b751d-a9ea-40cf-b4c0-2e5aac63a54b,1,success,done,openrouter,deepseek/deepseek-v4.1-flash,DeepInfra,1,1,4aa7bc194f60,0.0,42,5m,904,2108,896,0,0.00089024,charged,35447,0,0,
9A-15,9A,run-2,0be9d4f8-cdae-481b-80e4-f6c7898ce866,1,success,done,openrouter,deepseek/deepseek-v4.1-flash,DeepInfra,1,1,4aa7bc194f60,0.0,42,5m,904,1865,896,0,0.00078818,charged,39647,0,0,
9A-15,9A,run-3,e9d1f098-7dd3-424d-bf0d-30a6e6cdae64,1,success,done,openrouter,deepseek/deepseek-v4.1-flash,DeepInfra,1,1,4aa7bc194f60,0.0,42,5m,904,1628,768,0,0.00070603,charged,30136,0,0,
9A-15,9A,run-4,a3cf110f-ecff-4879-84fb-530cbf2c4ada,1,success,done,openrouter,deepseek/deepseek-v4.1-flash,DeepInfra,1,1,4aa7bc194f60,0.0,42,5m,904,1613,896,0,0.00068234,charged,23125,0,0,
9A-15,9A,run-5,6cbd5ead-11fc-4144-9564-453815c9102b,1,success,done,openrouter,deepseek/deepseek-v4.1-flash,DeepInfra,1,1,4aa7bc194f60,0.0,42,5m,904,1626,896,0,0.00068780,charged,44060,0,0,
9A-16,9A,run-1,8f26979c-46ee-4607-bedd-8ac1886e3130,1,success,done,openrouter,deepseek/deepseek-v4.1-flash,DeepInfra,1,1,4aa7bc194f60,0.0,42,5m,3345,2754,1536,0,0.00141639,charged,40583,1,1,citacoes
9A-16,9A,run-2,403a66a0-6f58-4889-b30a-845eac9cbf72,1,success,done,openrouter,deepseek/deepseek-v4.1-flash,DeepInfra,1,1,4aa7bc194f60,0.0,42,5m,923,1855,768,0,0.00080403,charged,34494,0,0,
9A-16,9A,run-3,0fc5240b-94f4-416c-b003-ab0b8b172268,1,success,done,openrouter,deepseek/deepseek-v4.1-flash,DeepInfra,1,1,4aa7bc194f60,0.0,42,5m,923,2006,896,0,0.00085006,charged,35254,0,0,
9A-16,9A,run-4,69c89cba-154a-405e-95fc-ae1658c32f56,1,success,done,openrouter,deepseek/deepseek-v4.1-flash,DeepInfra,1,1,4aa7bc194f60,0.0,42,5m,923,1671,896,0,0.00070936,charged,26056,0,0,
9A-16,9A,run-5,a7174b38-0a9c-4395-93b6-f2adc44baf7f,1,success,done,openrouter,deepseek/deepseek-v4.1-flash,DeepInfra,1,1,4aa7bc194f60,0.0,42,5m,923,1682,896,0,0.00071398,charged,45255,0,0,
9A-17,9A,run-1,0a90ef02-db7d-4fda-8d6b-9b04148583fd,1,success,done,openrouter,deepseek/deepseek-v4.1-flash,DeepInfra,1,1,4aa7bc194f60,0.0,42,5m,980,2139,768,0,0.00093129,charged,36492,0,0,
9A-17,9A,run-2,7c17cfa8-afb8-4c75-b85f-40880e7e5b07,1,success,done,openrouter,deepseek/deepseek-v4.1-flash,DeepInfra,1,1,4aa7bc194f60,0.0,42,5m,980,1819,768,0,0.00079689,charged,39007,0,0,
9A-17,9A,run-3,c06e8163-6c23-457b-8aef-ea2030d86863,1,success,done,openrouter,deepseek/deepseek-v4.1-flash,DeepInfra,1,1,4aa7bc194f60,0.0,42,5m,980,1778,896,0,0.00076228,charged,30795,0,0,
9A-17,9A,run-4,f1a5991c-9264-48a4-83ee-fe0c7c679035,1,success,done,openrouter,deepseek/deepseek-v4.1-flash,DeepInfra,1,1,4aa7bc194f60,0.0,42,5m,980,1838,896,0,0.00078748,charged,25075,0,0,
9A-17,9A,run-5,aedfee83-5337-47eb-b894-d9ca3017fb0b,1,success,done,openrouter,deepseek/deepseek-v4.1-flash,DeepInfra,1,1,4aa7bc194f60,0.0,42,5m,980,2535,896,0,0.00108022,charged,60760,0,0,
9A-18,9A,run-1,d9ae5079-711e-43c1-9467-2f8be3915088,1,success,done,openrouter,deepseek/deepseek-v4.1-flash,DeepInfra,1,1,4aa7bc194f60,0.0,42,5m,8337,5258,6272,0,0.00252380,charged,79156,2,2,citacoes
9A-18,9A,run-2,b7f2e02e-3518-42b3-9ed7-52b96fd2dc8e,1,success,done,openrouter,deepseek/deepseek-v4.1-flash,DeepInfra,1,1,4aa7bc194f60,0.0,42,5m,916,2029,896,0,0.00085874,charged,43008,0,0,
9A-18,9A,run-3,e563152d-9823-4b49-8eec-c121902dad2f,1,success,done,openrouter,deepseek/deepseek-v4.1-flash,DeepInfra,1,1,4aa7bc194f60,0.0,42,5m,916,2090,896,0,0.00088436,charged,35343,0,0,
9A-18,9A,run-4,349720f8-85cd-40e6-a9c7-4901a951639d,1,success,done,openrouter,deepseek/deepseek-v4.1-flash,DeepInfra,1,1,4aa7bc194f60,0.0,42,5m,7331,4185,4480,0,0.00217566,charged,48152,2,2,citacoes
9A-18,9A,run-5,1d35b85d-cd0b-4a65-890e-9f824ab7a0f2,1,success,done,openrouter,deepseek/deepseek-v4.1-flash,DeepInfra,1,1,4aa7bc194f60,0.0,42,5m,916,1352,896,0,0.00057440,charged,33516,0,0,
9A-19,9A,run-1,f2fd51e7-04e6-4835-a209-7f79c3247fdc,1,success,done,openrouter,deepseek/deepseek-v4.1-flash,DeepInfra,1,1,4aa7bc194f60,0.0,42,5m,7729,4371,7424,0,0.00190970,charged,59464,2,2,citacoes
9A-19,9A,run-2,95468b82-8d82-4821-afc2-36f38fcb4dae,1,success,done,openrouter,deepseek/deepseek-v4.1-flash,DeepInfra,1,1,4aa7bc194f60,0.0,42,5m,876,2445,768,0,0.00104525,charged,42274,0,0,
9A-19,9A,run-3,6209042c-eb4b-49dd-9ae9-4fcdd118e087,1,success,done,openrouter,deepseek/deepseek-v4.1-flash,DeepInfra,1,1,4aa7bc194f60,0.0,42,5m,876,2143,768,0,0.00091841,charged,45502,0,0,
9A-19,9A,run-4,8eb744fb-4b04-47fd-b7ff-215fa6957dbb,1,success,done,openrouter,deepseek/deepseek-v4.1-flash,DeepInfra,1,1,4aa7bc194f60,0.0,42,5m,876,1858,768,0,0.00079871,charged,26944,0,0,
9A-19,9A,run-5,0bf78d38-e4ad-4a16-b265-64f19feda845,1,success,done,openrouter,deepseek/deepseek-v4.1-flash,DeepInfra,1,1,4aa7bc194f60,0.0,42,5m,876,1766,768,0,0.00076007,charged,40107,0,0,
9A-20,9A,run-1,e572e391-faef-4346-ac2e-a94209619d38,1,success,done,openrouter,deepseek/deepseek-v4.1-flash,DeepInfra,1,1,4aa7bc194f60,0.0,42,5m,907,2343,768,0,0.00100675,charged,38834,0,0,
9A-20,9A,run-2,19c0e717-2ed3-4526-b1ea-9386eb97ec26,1,success,done,openrouter,deepseek/deepseek-v4.1-flash,DeepInfra,1,1,4aa7bc194f60,0.0,42,5m,907,1742,896,0,0.00073694,charged,38862,0,0,
9A-20,9A,run-3,dd85b966-49da-4f5d-86b0-e7d55b89a9b9,1,success,done,openrouter,deepseek/deepseek-v4.1-flash,DeepInfra,1,1,4aa7bc194f60,0.0,42,5m,8687,4611,4992,0,0.00247489,charged,73909,2,2,citacoes
9A-20,9A,run-4,29f8b842-3ebf-462e-9205-a790117e9b89,1,success,done,openrouter,deepseek/deepseek-v4.1-flash,DeepInfra,1,1,4aa7bc194f60,0.0,42,5m,907,1892,896,0,0.00079994,charged,26046,0,0,
9A-20,9A,run-5,db2ea956-90a3-4177-ba7d-f60ba1cb7e08,1,success,done,openrouter,deepseek/deepseek-v4.1-flash,DeepInfra,1,1,4aa7bc194f60,0.0,42,5m,907,3566,896,0,0.00150302,charged,76387,0,0,
9A-21,9A,run-1,7d5631c0-0a61-4ef6-9520-fd74a2ed3805,1,success,done,openrouter,deepseek/deepseek-v4.1-flash,DeepInfra,1,1,4aa7bc194f60,0.0,42,5m,892,1772,768,0,0.00076483,charged,32376,0,0,
9A-21,9A,run-2,99b0e3ea-435e-43d7-ae00-64ecfd7f484e,1,success,done,openrouter,deepseek/deepseek-v4.1-flash,DeepInfra,1,1,4aa7bc194f60,0.0,42,5m,3991,3678,3712,0,0.00159941,charged,59735,1,1,citacoes
9A-21,9A,run-3,bdae8307-7d66-4400-868c-bd94bd3a73dd,1,success,done,openrouter,deepseek/deepseek-v4.1-flash,DeepInfra,1,1,4aa7bc194f60,0.0,42,5m,892,1868,768,0,0.00080515,charged,40263,0,0,
9A-21,9A,run-4,55d23ab6-34d4-4d06-99a5-8fcd9ad37dc4,1,success,done,openrouter,deepseek/deepseek-v4.1-flash,DeepInfra,1,1,4aa7bc194f60,0.0,42,5m,3877,3620,3584,0,0.00157647,charged,44901,1,1,citacoes
9A-21,9A,run-5,e983ff45-d508-47e5-9b05-141943e913e6,1,success,done,openrouter,deepseek/deepseek-v4.1-flash,DeepInfra,1,1,4aa7bc194f60,0.0,42,5m,7930,5178,3968,0,0.00274611,charged,71726,2,2,citacoes
9A-22,9A,run-1,e9fa8bd9-87cb-4426-8e2a-71904d21d5d8,1,success,done,openrouter,deepseek/deepseek-v4.1-flash,DeepInfra,1,1,4aa7bc194f60,0.0,42,5m,3580,3340,1664,0,0.00167803,charged,46626,1,1,citacoes
9A-22,9A,run-2,1273ab8d-3b8c-4ad7-984f-dfb539be75e5,1,success,done,openrouter,deepseek/deepseek-v4.1-flash,DeepInfra,1,1,4aa7bc194f60,0.0,42,5m,890,1849,768,0,0.00079689,charged,33155,0,0,
9A-22,9A,run-3,e8242ba0-ed6e-4b12-bb20-ef9a481f7dba,1,success,done,openrouter,deepseek/deepseek-v4.1-flash,DeepInfra,1,1,4aa7bc194f60,0.0,42,5m,890,1596,768,0,0.00069063,charged,35290,0,0,
9A-22,9A,run-4,0c2e513d-41dc-4e46-9266-887693385726,1,success,done,openrouter,deepseek/deepseek-v4.1-flash,DeepInfra,1,1,4aa7bc194f60,0.0,42,5m,890,1809,768,0,0.00078009,charged,25148,0,0,
9A-22,9A,run-5,40cdadaa-731d-428c-bf85-d5b58a88b68f,1,success,done,openrouter,deepseek/deepseek-v4.1-flash,DeepInfra,1,1,4aa7bc194f60,0.0,42,5m,890,1798,768,0,0.00077547,charged,39822,0,0,
9A-23,9A,run-1,ba614093-4f07-46e5-a90f-6546d8453483,1,success,done,openrouter,deepseek/deepseek-v4.1-flash,DeepInfra,1,1,4aa7bc194f60,0.0,42,5m,849,1596,768,0,0.00068489,charged,27332,0,0,
9A-23,9A,run-2,452844d4-c53c-4142-8ac5-350acff01b69,1,retry,done,openrouter,deepseek/deepseek-v4.1-flash,DeepInfra,1,1,4aa7bc194f60,0.0,42,5m,7913,4756,5888,0,0.00230575,charged,72518,2,3,citacoes
9A-23,9A,run-2,452844d4-c53c-4142-8ac5-350acff01b69,2,success,done,openrouter,deepseek/deepseek-v4.1-flash,DeepInfra,1,1,4aa7bc194f60,0.0,42,5m,3637,3469,1536,0,0.00175757,charged,42145,1,1,citacoes
9A-23,9A,run-3,8ef4ab84-8e71-4c46-b994-9550399d27ec,1,success,done,openrouter,deepseek/deepseek-v4.1-flash,DeepInfra,1,1,4aa7bc194f60,0.0,42,5m,849,1901,768,0,0.00081299,charged,43917,0,0,
9A-23,9A,run-4,f8d51baa-28fc-4519-bac7-5e80a6c6619e,1,success,done,openrouter,deepseek/deepseek-v4.1-flash,DeepInfra,1,1,4aa7bc194f60,0.0,42,5m,849,1500,768,0,0.00064457,charged,21860,0,0,
9A-23,9A,run-5,a6ee0029-3ab6-4f35-a7ed-8c16d0f25d07,1,success,done,openrouter,deepseek/deepseek-v4.1-flash,DeepInfra,1,1,4aa7bc194f60,0.0,42,5m,849,1571,768,0,0.00067439,charged,36387,0,0,
9A-24,9A,run-1,e75f635a-c227-4a79-a154-215819796067,1,success,done,openrouter,deepseek/deepseek-v4.1-flash,DeepInfra,1,1,4aa7bc194f60,0.0,42,5m,913,2052,896,0,0.00086798,charged,35694,0,0,
9A-24,9A,run-2,09c045ff-39a0-46d2-b40b-acac826ea5f7,1,success,done,openrouter,deepseek/deepseek-v4.1-flash,DeepInfra,1,1,4aa7bc194f60,0.0,42,5m,913,1736,896,0,0.00073526,charged,40112,0,0,
9A-24,9A,run-3,afae6eb9-adab-41f4-a580-ca7fccd0a35f,1,success,done,openrouter,deepseek/deepseek-v4.1-flash,DeepInfra,1,1,4aa7bc194f60,0.0,42,5m,3534,2835,1664,0,0.00145949,charged,43557,1,1,citacoes
9A-24,9A,run-4,795094d1-a753-41ae-87cc-41a850e4bb00,1,success,done,openrouter,deepseek/deepseek-v4.1-flash,DeepInfra,1,1,4aa7bc194f60,0.0,42,5m,913,1755,896,0,0.00074324,charged,25453,0,0,
9A-24,9A,run-5,9ac16bcb-fff7-42df-814c-f3d40dc8789c,1,success,done,openrouter,deepseek/deepseek-v4.1-flash,DeepInfra,1,1,4aa7bc194f60,0.0,42,5m,913,1944,896,0,0.00082262,charged,48661,0,0,
9A-25,9A,run-1,6457d65c-c4ff-4733-936c-999aba0c00c1,1,success,done,openrouter,deepseek/deepseek-v4.1-flash,DeepInfra,1,1,4aa7bc194f60,0.0,42,5m,907,1340,896,0,0.00056810,charged,23048,0,0,
9A-25,9A,run-2,804db78a-2aab-4692-8e63-73cdaf0952ba,1,success,done,openrouter,deepseek/deepseek-v4.1-flash,DeepInfra,1,1,4aa7bc194f60,0.0,42,5m,907,1402,768,0,0.00061153,charged,34413,0,0,
9A-25,9A,run-3,9989b0ff-e404-4d67-aa86-e01c91068655,1,success,done,openrouter,deepseek/deepseek-v4.1-flash,DeepInfra,1,1,4aa7bc194f60,0.0,42,5m,907,1441,896,0,0.00061052,charged,27809,0,0,
9A-25,9A,run-4,d682a3a7-a1f6-4a14-94ca-812cc8de5400,1,success,done,openrouter,deepseek/deepseek-v4.1-flash,DeepInfra,1,1,4aa7bc194f60,0.0,42,5m,907,1733,896,0,0.00073316,charged,24359,0,0,
9A-25,9A,run-5,1b4ae426-4ca6-4454-a6e4-121916d9edb6,1,success,done,openrouter,deepseek/deepseek-v4.1-flash,DeepInfra,1,1,4aa7bc194f60,0.0,42,5m,907,1320,896,0,0.00055970,charged,45466,0,0,
9A-26,9A,run-1,c60533b3-74e0-4679-8d72-d296e43315bb,1,success,done,openrouter,deepseek/deepseek-v4.1-flash,DeepInfra,1,1,4aa7bc194f60,0.0,42,5m,3957,3643,3840,0,0.00156257,charged,54747,1,1,citacoes
9A-26,9A,run-2,b8826461-1643-474a-865a-31acc0b62dde,1,success,done,openrouter,deepseek/deepseek-v4.1-flash,DeepInfra,1,1,4aa7bc194f60,0.0,42,5m,897,2251,768,0,0.00096671,charged,47365,0,0,
9A-26,9A,run-3,7b94d5e8-c9c3-489e-bb5c-f7b5236e2945,1,success,done,openrouter,deepseek/deepseek-v4.1-flash,DeepInfra,1,1,4aa7bc194f60,0.0,42,5m,897,1897,896,0,0.00080064,charged,33505,0,0,
9A-26,9A,run-4,5c8e779c-f275-4bb5-a83a-88985a053573,1,success,done,openrouter,deepseek/deepseek-v4.1-flash,DeepInfra,1,1,4aa7bc194f60,0.0,42,5m,897,2163,896,0,0.00091236,charged,30726,0,0,
9A-26,9A,run-5,3380d150-660d-43db-b128-94e640caf727,1,success,done,openrouter,deepseek/deepseek-v4.1-flash,DeepInfra,1,1,4aa7bc194f60,0.0,42,5m,897,1773,896,0,0.00074856,charged,46371,0,0,
9A-27,9A,run-1,7ddc5444-f877-4c8f-b1ee-e86daae36eee,1,success,done,openrouter,deepseek/deepseek-v4.1-flash,DeepInfra,1,1,4aa7bc194f60,0.0,42,5m,3278,2744,1664,0,0.00138543,charged,39750,1,1,citacoes
9A-27,9A,run-2,43abcfba-368d-4a45-8756-6b4fc48dfbdc,1,success,done,openrouter,deepseek/deepseek-v4.1-flash,DeepInfra,1,1,4aa7bc194f60,0.0,42,5m,881,1842,768,0,0.00079269,charged,31506,0,0,
9A-27,9A,run-3,691905a0-ece5-4e1b-bf84-b39c568124e5,1,success,done,openrouter,deepseek/deepseek-v4.1-flash,DeepInfra,1,1,4aa7bc194f60,0.0,42,5m,881,1393,768,0,0.00060411,charged,32701,0,0,
9A-27,9A,run-4,c12658da-31e5-49c5-be0c-d0ab922e231d,1,success,done,openrouter,deepseek/deepseek-v4.1-flash,DeepInfra,1,1,4aa7bc194f60,0.0,42,5m,881,1497,768,0,0.00064779,charged,20421,0,0,
9A-27,9A,run-5,d6fc8a9e-f552-4d99-a8dc-a933dcd3a0d4,1,success,done,openrouter,deepseek/deepseek-v4.1-flash,DeepInfra,1,1,4aa7bc194f60,0.0,42,5m,881,1341,768,0,0.00058227,charged,31275,0,0,
9A-28,9A,run-1,b913cf57-dd44-4197-84e2-66463bb98bf4,1,success,done,openrouter,deepseek/deepseek-v4.1-flash,DeepInfra,1,1,4aa7bc194f60,0.0,42,5m,829,1484,768,0,0.00063505,charged,26292,0,0,
9A-28,9A,run-2,9386ceb0-454e-49c0-b4ae-590802e7068d,1,success,done,openrouter,deepseek/deepseek-v4.1-flash,DeepInfra,1,1,4aa7bc194f60,0.0,42,5m,829,1492,768,0,0.00063841,charged,29827,0,0,
9A-28,9A,run-3,6e89100c-da02-4698-831e-2b2c75422143,1,success,done,openrouter,deepseek/deepseek-v4.1-flash,DeepInfra,1,1,4aa7bc194f60,0.0,42,5m,829,1359,768,0,0.00058255,charged,34317,0,0,
9A-28,9A,run-4,bc9832f8-bfaa-437e-8675-290cbddae0c8,1,success,done,openrouter,deepseek/deepseek-v4.1-flash,DeepInfra,1,1,4aa7bc194f60,0.0,42,5m,829,1442,768,0,0.00061741,charged,20271,0,0,
9A-28,9A,run-5,dbc9890f-78f1-4994-afde-d2f87fe5eefe,1,success,done,openrouter,deepseek/deepseek-v4.1-flash,DeepInfra,1,1,4aa7bc194f60,0.0,42,5m,829,1168,768,0,0.00050233,charged,30772,0,0,
9B-01,9B,run-1,35ff7e9d-22dd-49d8-8854-7cbfca15c068,1,success,done,openrouter,deepseek/deepseek-v4.1-flash,DeepInfra,1,1,4aa7bc194f60,0.0,42,5m,1045,4697,768,0,0.00201475,charged,86931,0,0,
9B-01,9B,run-2,80e40c83-14f3-4386-86cf-077b2e28db45,1,success,done,openrouter,deepseek/deepseek-v4.1-flash,DeepInfra,1,1,4aa7bc194f60,0.0,42,5m,1045,2897,1024,0,0.00122398,charged,53463,0,0,
9B-01,9B,run-3,cf6e6503-3074-4a9a-ac47-1fd8645a1e12,1,success,done,openrouter,deepseek/deepseek-v4.1-flash,DeepInfra,1,1,4aa7bc194f60,0.0,42,5m,9376,7848,5120,0,0.00391350,charged,119991,2,2,citacoes
9B-01,9B,run-4,70da4809-df57-41c3-a7af-6efb94717574,1,success,done,openrouter,deepseek/deepseek-v4.1-flash,DeepInfra,1,1,4aa7bc194f60,0.0,42,5m,1045,2147,1024,0,0.00090898,charged,29884,0,0,
9B-01,9B,run-5,e6ce43ff-3e79-4d59-ad34-3578a4fd21f8,1,success,done,openrouter,deepseek/deepseek-v4.1-flash,DeepInfra,1,1,4aa7bc194f60,0.0,42,5m,1045,4449,1024,0,0.00187582,charged,51295,0,0,
9B-02,9B,run-1,301d20e8-552c-4ea7-84b2-2011f207cd76,1,success,done,openrouter,deepseek/deepseek-v4.1-flash,DeepInfra,1,1,4aa7bc194f60,0.0,42,5m,953,1957,768,0,0.00085107,charged,33400,0,0,
9B-02,9B,run-2,86cc771b-f0f7-4be1-a74e-8da10a8feff8,1,success,done,openrouter,deepseek/deepseek-v4.1-flash,DeepInfra,1,1,4aa7bc194f60,0.0,42,5m,5045,5962,1792,0,0.00296699,charged,97267,1,1,citacoes
9B-02,9B,run-3,3519ca48-5d69-43f1-918b-eb974338d88f,1,retry,done,openrouter,deepseek/deepseek-v4.1-flash,DeepInfra,1,1,4aa7bc194f60,0.0,42,5m,8958,5055,6272,0,0.00252548,charged,92722,2,3,citacoes
9B-02,9B,run-3,3519ca48-5d69-43f1-918b-eb974338d88f,2,success,done,openrouter,deepseek/deepseek-v4.1-flash,DeepInfra,1,1,4aa7bc194f60,0.0,42,5m,7749,4159,6400,0,0.00196252,charged,43795,2,2,citacoes
9B-02,9B,run-4,05ab0aae-e63f-46b1-b69f-dbec565c12d2,1,retry,done,openrouter,deepseek/deepseek-v4.1-flash,DeepInfra,1,1,4aa7bc194f60,0.0,42,5m,9304,5546,4992,0,0.00295397,charged,61841,2,3,citacoes
9B-02,9B,run-4,05ab0aae-e63f-46b1-b69f-dbec565c12d2,2,success,done,openrouter,deepseek/deepseek-v4.1-flash,DeepInfra,1,1,4aa7bc194f60,0.0,42,5m,953,2286,896,0,0.00097186,charged,25998,0,0,
9B-02,9B,run-5,1876037a-e7ac-4330-ad90-8274820ba38e,1,success,done,openrouter,deepseek/deepseek-v4.1-flash,DeepInfra,1,1,4aa7bc194f60,0.0,42,5m,953,3249,896,0,0.00137632,charged,39333,0,0,
9B-03,9B,run-1,15cd40d3-7774-4658-b6d9-da948668aad0,1,success,done,openrouter,deepseek/deepseek-v4.1-flash,DeepInfra,1,1,4aa7bc194f60,0.0,42,5m,3912,3575,3712,0,0.00154509,charged,50586,1,1,citacoes
9B-03,9B,run-2,77d91ded-78f8-46ed-98bb-c189b6c1779f,1,success,done,openrouter,deepseek/deepseek-v4.1-flash,DeepInfra,1,1,4aa7bc194f60,0.0,42,5m,941,2757,768,0,0.00118539,charged,52309,0,0,
9B-03,9B,run-3,2309901d-051f-426b-a91d-ac1aa4fa05da,1,success,done,openrouter,deepseek/deepseek-v4.1-flash,DeepInfra,1,1,4aa7bc194f60,0.0,42,5m,941,1917,896,0,0.00081520,charged,49491,0,0,
9B-03,9B,run-4,1155bd54-9afb-4160-8bd8-11ac0074de86,1,success,done,openrouter,deepseek/deepseek-v4.1-flash,DeepInfra,1,1,4aa7bc194f60,0.0,42,5m,941,1589,896,0,0.00067744,charged,22133,0,0,
9B-03,9B,run-5,9d5b0385-9319-4dfc-ac8a-3c7855ec3e69,1,success,done,openrouter,deepseek/deepseek-v4.1-flash,DeepInfra,1,1,4aa7bc194f60,0.0,42,5m,941,2139,896,0,0.00090844,charged,28061,0,0,
9B-04,9B,run-1,da5fa18c-a258-4572-86fc-6b33d20d0f4f,1,success,done,openrouter,deepseek/deepseek-v4.1-flash,DeepInfra,1,1,4aa7bc194f60,0.0,42,5m,3761,3077,3456,0,0.00134956,charged,44980,1,1,citacoes
9B-04,9B,run-2,8295597e-e36c-4730-97ae-9c6ff66b36e0,1,success,done,openrouter,deepseek/deepseek-v4.1-flash,DeepInfra,1,1,4aa7bc194f60,0.0,42,5m,923,1315,768,0,0.00057723,charged,26996,0,0,
9B-04,9B,run-3,effffe44-3d67-400a-a6ea-da38f373dada,1,success,done,openrouter,deepseek/deepseek-v4.1-flash,DeepInfra,1,1,4aa7bc194f60,0.0,42,5m,923,1303,896,0,0.00055480,charged,33911,0,0,
9B-04,9B,run-4,79a85dc1-0ad3-4679-bb55-f310fe443f75,1,success,done,openrouter,deepseek/deepseek-v4.1-flash,DeepInfra,1,1,4aa7bc194f60,0.0,42,5m,923,1656,896,0,0.00070306,charged,23079,0,0,
9B-04,9B,run-5,858840a1-2343-4265-958d-bed4676f9daa,1,success,done,openrouter,deepseek/deepseek-v4.1-flash,DeepInfra,1,1,4aa7bc194f60,0.0,42,5m,923,1769,896,0,0.00075052,charged,23510,0,0,
9B-05,9B,run-1,023176cc-33ab-497d-b466-5e148638872a,1,success,done,openrouter,deepseek/deepseek-v4.1-flash,DeepInfra,1,1,4aa7bc194f60,0.0,42,5m,838,1527,768,0,0.00065437,charged,28431,0,0,
9B-05,9B,run-2,21ae5e9b-f5b0-40ce-bed8-862853dae608,1,success,done,openrouter,deepseek/deepseek-v4.1-flash,DeepInfra,1,1,4aa7bc194f60,0.0,42,5m,838,1695,768,0,0.00072493,charged,33258,0,0,
9B-05,9B,run-3,19e26909-1442-4b28-9b9f-049f5bcf1f41,1,success,done,openrouter,deepseek/deepseek-v4.1-flash,DeepInfra,1,1,4aa7bc194f60,0.0,42,5m,838,1248,768,0,0.00053719,charged,25886,0,0,
9B-05,9B,run-4,34ee42c7-e3bd-4de9-a946-8bb994c7a9f9,1,success,done,openrouter,deepseek/deepseek-v4.1-flash,DeepInfra,1,1,4aa7bc194f60,0.0,42,5m,838,1407,768,0,0.00060397,charged,21296,0,0,
9B-05,9B,run-5,987a7394-0137-40f4-974b-f206ff9a3e40,1,success,done,openrouter,deepseek/deepseek-v4.1-flash,DeepInfra,1,1,4aa7bc194f60,0.0,42,5m,838,1998,768,0,0.00085219,charged,26594,0,0,
9B-06,9B,run-1,602763dc-f43e-4f85-b371-e20551b85f8f,1,success,done,openrouter,deepseek/deepseek-v4.1-flash,DeepInfra,1,1,4aa7bc194f60,0.0,42,5m,863,1506,768,0,0.00064905,charged,23896,0,0,
9B-06,9B,run-2,b573d4cb-8bc8-44e7-9a07-cd30c0f668c8,1,success,done,openrouter,deepseek/deepseek-v4.1-flash,DeepInfra,1,1,4aa7bc194f60,0.0,42,5m,863,1614,768,0,0.00069441,charged,34212,0,0,
9B-06,9B,run-3,c98a2e24-d2c6-4377-a5ac-783cf61c4b7f,1,success,done,openrouter,deepseek/deepseek-v4.1-flash,DeepInfra,1,1,4aa7bc194f60,0.0,42,5m,863,2133,768,0,0.00091239,charged,40821,0,0,
9B-06,9B,run-4,346298ca-02db-40a8-a7d6-9864d5243994,1,success,done,openrouter,deepseek/deepseek-v4.1-flash,DeepInfra,1,1,4aa7bc194f60,0.0,42,5m,863,2050,768,0,0.00087753,charged,27130,0,0,
9B-06,9B,run-5,2c38cf08-ff74-4677-adff-f02f67cf6e69,1,success,done,openrouter,deepseek/deepseek-v4.1-flash,DeepInfra,1,1,4aa7bc194f60,0.0,42,5m,863,1686,768,0,0.00072465,charged,23677,0,0,
9B-07,9B,run-1,29c55bab-7218-4a54-ae52-8a7e47767e15,1,success,done,openrouter,deepseek/deepseek-v4.1-flash,DeepInfra,1,1,4aa7bc194f60,0.0,42,5m,965,3957,768,0,0.00169275,charged,65147,0,0,
9B-07,9B,run-2,f75cc110-a99a-4ebf-99f1-936288415290,1,success,done,openrouter,deepseek/deepseek-v4.1-flash,DeepInfra,1,1,4aa7bc194f60,0.0,42,5m,965,2415,768,0,0.00104511,charged,49290,0,0,
9B-07,9B,run-3,effd5780-ddbc-40ac-9563-4ab7939310c3,1,success,done,openrouter,deepseek/deepseek-v4.1-flash,DeepInfra,1,1,4aa7bc194f60,0.0,42,5m,965,1780,896,0,0.00076102,charged,48467,0,0,
9B-07,9B,run-4,c8e2cf99-a636-4b1f-86e7-4e4f15a52ad3,1,success,done,openrouter,deepseek/deepseek-v4.1-flash,DeepInfra,1,1,4aa7bc194f60,0.0,42,5m,965,2514,896,0,0.00106930,charged,33235,0,0,
9B-07,9B,run-5,e0febde4-0368-44d9-977a-c86bfb871576,1,success,done,openrouter,deepseek/deepseek-v4.1-flash,DeepInfra,1,1,4aa7bc194f60,0.0,42,5m,965,1851,896,0,0.00079084,charged,25466,0,0,
9B-08,9B,run-1,943b5be3-a9db-4745-9b01-adfd382a1ec4,1,success,done,openrouter,deepseek/deepseek-v4.1-flash,DeepInfra,1,1,4aa7bc194f60,0.0,42,5m,851,1452,768,0,0.00062469,charged,27662,0,0,
9B-08,9B,run-2,c8f8a5a8-0952-48cf-b0b4-dc3d85c9410a,1,success,done,openrouter,deepseek/deepseek-v4.1-flash,DeepInfra,1,1,4aa7bc194f60,0.0,42,5m,851,1673,768,0,0.00071751,charged,31274,0,0,
9B-08,9B,run-3,f9905232-ab9b-4523-b604-90c8e80a92db,1,success,done,openrouter,deepseek/deepseek-v4.1-flash,DeepInfra,1,1,4aa7bc194f60,0.0,42,5m,851,1476,768,0,0.00063477,charged,28395,0,0,
9B-08,9B,run-4,e8f7bd42-8512-48b3-81b4-8a99e91c7bc8,1,success,done,openrouter,deepseek/deepseek-v4.1-flash,DeepInfra,1,1,4aa7bc194f60,0.0,42,5m,3470,5416,1536,0,0.00255193,charged,60507,1,1,citacoes
9B-08,9B,run-5,b27edb18-625c-4ed0-8f4f-a368b52b6453,1,success,done,openrouter,deepseek/deepseek-v4.1-flash,DeepInfra,1,1,4aa7bc194f60,0.0,42,5m,851,1499,768,0,0.00064443,charged,20407,0,0,
9B-09,9B,run-1,1795c6d7-b976-40f6-adbd-237dde0ab406,1,success,done,openrouter,deepseek/deepseek-v4.1-flash,DeepInfra,1,1,4aa7bc194f60,0.0,42,5m,978,2144,0,0,0.00103740,charged,48022,0,0,
9B-09,9B,run-2,a3e83291-6ea8-40bc-b042-35a4d05e9551,1,success,done,openrouter,deepseek/deepseek-v4.1-flash,DeepInfra,1,1,4aa7bc194f60,0.0,42,5m,6390,5873,6144,0,0.00252690,charged,91955,1,1,citacoes
9B-09,9B,run-3,bc9d8eb3-0e91-498b-be4d-2c2bdb5eb92b,1,success,done,openrouter,deepseek/deepseek-v4.1-flash,DeepInfra,1,1,4aa7bc194f60,0.0,42,5m,978,1546,896,0,0.00066456,charged,39431,0,0,
9B-09,9B,run-4,6a9ed4e3-a92c-4e47-adc5-d943c10622e0,1,success,done,openrouter,deepseek/deepseek-v4.1-flash,DeepInfra,1,1,4aa7bc194f60,0.0,42,5m,978,1987,768,0,0.00086717,charged,37121,0,0,
9B-09,9B,run-5,06d401f9-a988-418f-8df8-5d70de15320d,1,success,done,openrouter,deepseek/deepseek-v4.1-flash,DeepInfra,1,1,4aa7bc194f60,0.0,42,5m,978,2429,896,0,0.00103542,charged,57094,0,0,
9B-10,9B,run-1,c7987ab4-ac3a-45b8-9bb2-862b5ac61cf9,1,success,done,openrouter,deepseek/deepseek-v4.1-flash,DeepInfra,1,1,4aa7bc194f60,0.0,42,5m,971,1821,768,0,0.00079647,charged,29701,0,0,
9B-10,9B,run-2,51e927fc-2715-4f6b-83ef-313d27ba717d,1,success,done,openrouter,deepseek/deepseek-v4.1-flash,DeepInfra,1,1,4aa7bc194f60,0.0,42,5m,971,1711,896,0,0.00073288,charged,38914,0,0,
9B-10,9B,run-3,5159875e-722a-415b-a8d4-c8a05de6e0f3,1,retry,done,openrouter,deepseek/deepseek-v4.1-flash,DeepInfra,1,1,4aa7bc194f60,0.0,42,5m,7367,4378,7168,0,0.00189673,charged,74573,2,3,citacoes
9B-10,9B,run-3,5159875e-722a-415b-a8d4-c8a05de6e0f3,2,success,done,openrouter,deepseek/deepseek-v4.1-flash,DeepInfra,1,1,4aa7bc194f60,0.0,42,5m,971,2012,896,0,0.00085930,charged,34379,0,0,
9B-10,9B,run-4,a3b51dae-dc52-4e20-8bdd-a86030d1a19e,1,success,done,openrouter,deepseek/deepseek-v4.1-flash,DeepInfra,1,1,4aa7bc194f60,0.0,42,5m,7539,4104,6144,0,0.00194478,charged,46777,2,2,citacoes
9B-10,9B,run-5,6ff5985c-34a1-435b-b95d-50d40ab13412,1,success,done,openrouter,deepseek/deepseek-v4.1-flash,DeepInfra,1,1,4aa7bc194f60,0.0,42,5m,4241,4842,1664,0,0.00240141,charged,55408,1,1,citacoes
9B-11,9B,run-1,00f1d091-04eb-4a0b-9d5e-db9d27eb151f,1,success,done,openrouter,deepseek/deepseek-v4.1-flash,DeepInfra,1,1,4aa7bc194f60,0.0,42,5m,938,4007,768,0,0.00170997,charged,64884,0,0,
9B-11,9B,run-2,b32ee594-df27-4e46-8c3a-f7ea8f073405,1,success,done,openrouter,deepseek/deepseek-v4.1-flash,DeepInfra,1,1,4aa7bc194f60,0.0,42,5m,938,4212,896,0,0.00177868,charged,58237,0,0,
9B-11,9B,run-3,e160cfb0-d9b6-45bb-a816-4c30ff817040,1,success,done,openrouter,deepseek/deepseek-v4.1-flash,DeepInfra,1,1,4aa7bc194f60,0.0,42,5m,9657,5682,5120,0,0.00304312,charged,75091,2,2,citacoes
9B-11,9B,run-4,2bf7d7d5-a85c-442d-9e18-7af0986bc375,1,success,done,openrouter,deepseek/deepseek-v4.1-flash,DeepInfra,1,1,4aa7bc194f60,0.0,42,5m,11930,8654,7936,0,0.00422717,charged,93434,2,2,citacoes
9B-11,9B,run-5,100ce179-9f16-4f17-b314-c0767fc3003c,1,success,done,openrouter,deepseek/deepseek-v4.1-flash,DeepInfra,1,1,4aa7bc194f60,0.0,42,5m,938,3194,896,0,0.00135112,charged,39716,0,0,
9B-12,9B,run-1,ee020881-3c33-41bd-ad03-9e80689e907f,1,success,done,openrouter,deepseek/deepseek-v4.1-flash,DeepInfra,1,1,4aa7bc194f60,0.0,42,5m,850,1660,768,0,0.00071191,charged,34162,0,0,
9B-12,9B,run-2,e1e4c76a-b308-49d6-8b73-108a4501807b,1,success,done,openrouter,deepseek/deepseek-v4.1-flash,DeepInfra,1,1,4aa7bc194f60,0.0,42,5m,3291,2852,1664,0,0.00143261,charged,47608,1,1,citacoes
9B-12,9B,run-3,82a8716b-2dfd-4b4a-bace-9e28de30f13d,1,success,done,openrouter,deepseek/deepseek-v4.1-flash,DeepInfra,1,1,4aa7bc194f60,0.0,42,5m,850,1596,768,0,0.00068503,charged,30727,0,0,
9B-12,9B,run-4,1f25dfb3-4a24-459f-8c81-b2b553f9b692,1,success,done,openrouter,deepseek/deepseek-v4.1-flash,DeepInfra,1,1,4aa7bc194f60,0.0,42,5m,850,2152,768,0,0.00091855,charged,29150,0,0,
9B-12,9B,run-5,cd789211-36f5-4ddf-b178-8e59904d395e,1,success,done,openrouter,deepseek/deepseek-v4.1-flash,DeepInfra,1,1,4aa7bc194f60,0.0,42,5m,850,1615,768,0,0.00069301,charged,34347,0,0,
9B-13,9B,run-1,9f2fdf72-b957-41ef-8d8b-f91ba85c685a,1,success,done,openrouter,deepseek/deepseek-v4.1-flash,DeepInfra,1,1,4aa7bc194f60,0.0,42,5m,946,1879,768,0,0.00081733,charged,33466,0,0,
9B-13,9B,run-2,c6852da6-960c-4941-8a41-487c2893b797,1,success,done,openrouter,deepseek/deepseek-v4.1-flash,DeepInfra,1,1,4aa7bc194f60,0.0,42,5m,946,1813,768,0,0.00078961,charged,40650,0,0,
9B-13,9B,run-3,bd15cc5b-3aa3-4497-b14a-79226e5d51a9,1,success,done,openrouter,deepseek/deepseek-v4.1-flash,DeepInfra,1,1,4aa7bc194f60,0.0,42,5m,4056,3555,3840,0,0.00153947,charged,68399,1,1,citacoes
9B-13,9B,run-4,24d3bda6-d582-4f08-9d16-f581082405b5,1,success,done,openrouter,deepseek/deepseek-v4.1-flash,DeepInfra,1,1,4aa7bc194f60,0.0,42,5m,946,1779,896,0,0.00075794,charged,24428,0,0,
9B-13,9B,run-5,35a6a170-4def-4324-a3a4-66a67011d9c1,1,success,done,openrouter,deepseek/deepseek-v4.1-flash,DeepInfra,1,1,4aa7bc194f60,0.0,42,5m,946,1944,896,0,0.00082724,charged,24467,0,0,
9B-14,9B,run-1,b64fc53d-f57f-49c8-9e9e-7dba56f9ddef,1,success,done,openrouter,deepseek/deepseek-v4.1-flash,DeepInfra,1,1,4aa7bc194f60,0.0,42,5m,3958,5352,3712,0,0.00229787,charged,95215,1,1,citacoes
9B-14,9B,run-2,dff95ac7-89cf-4f46-b255-1fd375734a83,1,success,done,openrouter,deepseek/deepseek-v4.1-flash,DeepInfra,1,1,4aa7bc194f60,0.0,42,5m,952,1674,768,0,0.00073207,charged,36344,0,0,
9B-14,9B,run-3,4c254878-13d5-4dbe-8a26-a0a4b878ec4d,1,success,done,openrouter,deepseek/deepseek-v4.1-flash,DeepInfra,1,1,4aa7bc194f60,0.0,42,5m,7704,4177,5760,0,0.00205069,charged,73891,2,2,citacoes
9B-14,9B,run-4,c17152fe-04fb-4d7e-8dbe-bd71462d0c16,1,success,done,openrouter,deepseek/deepseek-v4.1-flash,DeepInfra,1,1,4aa7bc194f60,0.0,42,5m,952,1423,896,0,0.00060926,charged,19909,0,0,
9B-14,9B,run-5,c59d0c81-7b59-48c9-b041-f75593eff056,1,success,done,openrouter,deepseek/deepseek-v4.1-flash,DeepInfra,1,1,4aa7bc194f60,0.0,42,5m,7686,5795,7424,0,0.00250176,charged,65100,2,2,citacoes
9B-15,9B,run-1,0f4fdafd-aba9-4aef-908e-f5a323551b21,1,success,done,openrouter,deepseek/deepseek-v4.1-flash,DeepInfra,1,1,4aa7bc194f60,0.0,42,5m,893,1660,768,0,0.00071793,charged,30242,0,0,
9B-15,9B,run-2,46621fda-48c8-4d13-b1b7-3c48c0ebb1e6,1,success,done,openrouter,deepseek/deepseek-v4.1-flash,DeepInfra,1,1,4aa7bc194f60,0.0,42,5m,893,1642,768,0,0.00071037,charged,32675,0,0,
9B-15,9B,run-3,add940ce-e952-4192-9afd-965f53bbdcc8,1,success,done,openrouter,deepseek/deepseek-v4.1-flash,DeepInfra,1,1,4aa7bc194f60,0.0,42,5m,893,2026,768,0,0.00087165,charged,36895,0,0,
9B-15,9B,run-4,16af9032-2575-42dc-bdb1-4bc680cbaac0,1,success,done,openrouter,deepseek/deepseek-v4.1-flash,DeepInfra,1,1,4aa7bc194f60,0.0,42,5m,893,1847,768,0,0.00079647,charged,25319,0,0,
9B-15,9B,run-5,02e5142d-4358-465d-95bd-1a2084aa50e4,1,success,done,openrouter,deepseek/deepseek-v4.1-flash,DeepInfra,1,1,4aa7bc194f60,0.0,42,5m,893,2168,768,0,0.00093129,charged,27216,0,0,
9B-16,9B,run-1,bdf33a12-9739-4302-9d15-6be3b58b3bb5,1,success,done,openrouter,deepseek/deepseek-v4.1-flash,DeepInfra,1,1,4aa7bc194f60,0.0,42,5m,902,1941,768,0,0.00083721,charged,34104,0,0,
9B-16,9B,run-2,9dcd419b-3171-41ae-ba27-3f8ec6957bba,1,success,done,openrouter,deepseek/deepseek-v4.1-flash,DeepInfra,1,1,4aa7bc194f60,0.0,42,5m,902,1513,768,0,0.00065745,charged,33298,0,0,
9B-16,9B,run-3,fc995021-9b0e-4820-921a-aaa8443e7150,1,success,done,openrouter,deepseek/deepseek-v4.1-flash,DeepInfra,1,1,4aa7bc194f60,0.0,42,5m,3486,2914,1792,0,0.00146857,charged,64495,1,1,citacoes
9B-16,9B,run-4,16af65b1-75df-4225-939d-bfd26d76786a,1,success,done,openrouter,deepseek/deepseek-v4.1-flash,DeepInfra,1,1,4aa7bc194f60,0.0,42,5m,902,2089,896,0,0.00088198,charged,27905,0,0,
9B-16,9B,run-5,50436470-b410-4c9a-952c-e84026ccdefe,1,success,done,openrouter,deepseek/deepseek-v4.1-flash,DeepInfra,1,1,4aa7bc194f60,0.0,42,5m,4078,3775,3968,0,0.00161757,charged,44748,1,1,citacoes
9B-17,9B,run-1,b91542c7-5c20-4ac2-a3c5-df88e370b464,1,success,done,openrouter,deepseek/deepseek-v4.1-flash,DeepInfra,1,1,4aa7bc194f60,0.0,42,5m,929,2536,768,0,0.00109089,charged,42122,0,0,
9B-17,9B,run-2,e3cd7544-0ac3-4546-afaf-4210623ac49a,1,success,done,openrouter,deepseek/deepseek-v4.1-flash,DeepInfra,1,1,4aa7bc194f60,0.0,42,5m,929,2265,768,0,0.00097707,charged,38651,0,0,
9B-17,9B,run-3,34671c7c-ee1c-4a1b-99e3-3a49d60913c5,1,success,done,openrouter,deepseek/deepseek-v4.1-flash,DeepInfra,1,1,4aa7bc194f60,0.0,42,5m,3898,3916,1792,0,0.00194709,charged,57912,1,1,citacoes
9B-17,9B,run-4,13d999f4-a5bc-4249-b8f0-b4fe034e7766,1,success,done,openrouter,deepseek/deepseek-v4.1-flash,DeepInfra,1,1,4aa7bc194f60,0.0,42,5m,929,1563,896,0,0.00066484,charged,23543,0,0,
9B-17,9B,run-5,f8a49bbe-f7ed-491f-b6bf-fad6fcaa3032,1,success,done,openrouter,deepseek/deepseek-v4.1-flash,DeepInfra,1,1,4aa7bc194f60,0.0,42,5m,929,1595,896,0,0.00067828,charged,21198,0,0,
9B-18,9B,run-1,73029ab4-bbaf-43e5-8f1a-012988f06489,1,success,done,openrouter,deepseek/deepseek-v4.1-flash,DeepInfra,1,1,4aa7bc194f60,0.0,42,5m,872,3684,768,0,0.00156507,charged,97385,0,0,
9B-18,9B,run-2,0bb78831-8a7d-46a2-9fcd-466a9a174d6d,1,success,done,openrouter,deepseek/deepseek-v4.1-flash,DeepInfra,1,1,4aa7bc194f60,0.0,42,5m,872,1421,768,0,0.00061461,charged,26905,0,0,
9B-18,9B,run-3,8f4ffa9e-5865-4252-b7ca-a39ac771f11d,1,success,done,openrouter,deepseek/deepseek-v4.1-flash,DeepInfra,1,1,4aa7bc194f60,0.0,42,5m,872,1990,768,0,0.00085359,charged,39050,0,0,
9B-18,9B,run-4,193e24ae-9e82-4375-91a1-774124b1c729,1,success,done,openrouter,deepseek/deepseek-v4.1-flash,DeepInfra,1,1,4aa7bc194f60,0.0,42,5m,872,1301,768,0,0.00056421,charged,18019,0,0,
9B-18,9B,run-5,68b35208-bdc2-4995-b6d7-8e1881746f2f,1,success,done,openrouter,deepseek/deepseek-v4.1-flash,DeepInfra,1,1,4aa7bc194f60,0.0,42,5m,872,1830,768,0,0.00078639,charged,23934,0,0,
9B-19,9B,run-1,806d3b1c-db5b-4b2c-9181-da3ec8d33c19,1,success,done,openrouter,deepseek/deepseek-v4.1-flash,DeepInfra,1,1,4aa7bc194f60,0.0,42,5m,3728,3479,2688,0,0.00161807,charged,79615,1,1,citacoes
9B-19,9B,run-2,829c8f54-790e-42b4-97fa-bbb97ee3be02,1,success,done,openrouter,deepseek/deepseek-v4.1-flash,DeepInfra,1,1,4aa7bc194f60,0.0,42,5m,8114,4550,4480,0,0.00243858,charged,68554,2,2,citacoes
9B-19,9B,run-3,9c6443fe-162a-4cde-bb08-a70cfd4b593d,1,success,done,openrouter,deepseek/deepseek-v4.1-flash,DeepInfra,1,1,4aa7bc194f60,0.0,42,5m,974,2039,896,0,0.00087106,charged,48677,0,0,
9B-19,9B,run-4,3d04593b-783a-43b4-a729-12c441e47cfd,1,success,done,openrouter,deepseek/deepseek-v4.1-flash,DeepInfra,1,1,4aa7bc194f60,0.0,42,5m,3918,3711,3712,0,0.00160305,charged,67738,1,1,citacoes
9B-19,9B,run-5,1ae79e43-e760-4b58-afc1-1326d6c875ef,1,success,done,openrouter,deepseek/deepseek-v4.1-flash,DeepInfra,1,1,4aa7bc194f60,0.0,42,5m,974,2151,896,0,0.00091810,charged,41702,0,0,
9B-20,9B,run-1,703482fb-735f-43d6-b99f-89db8cb2710a,1,success,done,openrouter,deepseek/deepseek-v4.1-flash,DeepInfra,1,1,4aa7bc194f60,0.0,42,5m,938,3172,768,0,0.00135927,charged,73104,0,0,
9B-20,9B,run-2,4e9a1786-dc06-4ad7-b432-5eb108a11be3,1,success,done,openrouter,deepseek/deepseek-v4.1-flash,DeepInfra,1,1,4aa7bc194f60,0.0,42,5m,938,2300,768,0,0.00099303,charged,40906,0,0,
9B-20,9B,run-3,f61aed53-3227-48cb-82a0-e042694b27ac,1,success,done,openrouter,deepseek/deepseek-v4.1-flash,DeepInfra,1,1,4aa7bc194f60,0.0,42,5m,938,4132,896,0,0.00174508,charged,99966,0,0,
9B-20,9B,run-4,61fece8d-0265-4aa3-bbe0-754780c1d4a7,1,success,done,openrouter,deepseek/deepseek-v4.1-flash,DeepInfra,1,1,4aa7bc194f60,0.0,42,5m,938,3922,896,0,0.00165688,charged,79825,0,0,
9B-20,9B,run-5,fb86f602-8aec-466a-9348-fbb0835851d9,1,success,done,openrouter,deepseek/deepseek-v4.1-flash,DeepInfra,1,1,4aa7bc194f60,0.0,42,5m,4794,4261,1792,0,0.00221743,charged,90618,1,1,citacoes
9B-21,9B,run-1,21b121dc-208e-44ad-b0ef-2a14e8c6ebe5,1,success,done,openrouter,deepseek/deepseek-v4.1-flash,DeepInfra,1,1,4aa7bc194f60,0.0,42,5m,898,4401,768,0,0.00186985,charged,75899,0,0,
9B-21,9B,run-2,8481f005-77b6-4f63-a661-83fd3cb9b126,1,success,done,openrouter,deepseek/deepseek-v4.1-flash,DeepInfra,1,1,4aa7bc194f60,0.0,42,5m,3942,3579,1664,0,0.00182909,charged,50701,1,1,citacoes
9B-21,9B,run-3,8b3d1621-1266-4a47-8328-b4c97d8b69b0,1,success,done,openrouter,deepseek/deepseek-v4.1-flash,DeepInfra,1,1,4aa7bc194f60,0.0,42,5m,6195,5407,1792,0,0.00289489,charged,72688,1,1,citacoes
9B-21,9B,run-4,2e4d784a-31bf-429e-b87b-b0816f9cb10d,1,success,done,openrouter,deepseek/deepseek-v4.1-flash,DeepInfra,1,1,4aa7bc194f60,0.0,42,5m,898,2284,896,0,0.00096332,charged,30790,0,0,
9B-21,9B,run-5,56e34184-3e71-412a-bbe4-f39476da0d41,1,success,done,openrouter,deepseek/deepseek-v4.1-flash,DeepInfra,1,1,4aa7bc194f60,0.0,42,5m,4519,4158,1792,0,0.00213567,charged,48570,1,1,citacoes
9B-22,9B,run-1,00456972-b384-4268-ab6c-2abf90327516,1,success,done,openrouter,deepseek/deepseek-v4.1-flash,DeepInfra,1,1,4aa7bc194f60,0.0,42,5m,858,1982,768,0,0.00084827,charged,28775,0,0,
9B-22,9B,run-2,e642385d-9e44-4dbc-85df-4022c926b865,1,success,done,openrouter,deepseek/deepseek-v4.1-flash,DeepInfra,1,1,4aa7bc194f60,0.0,42,5m,7937,7468,5760,0,0.00346553,charged,106113,2,2,citacoes
9B-22,9B,run-3,01f846dc-9cc8-4a64-b9ac-417af6f6435f,1,success,done,openrouter,deepseek/deepseek-v4.1-flash,DeepInfra,1,1,4aa7bc194f60,0.0,42,5m,3584,2988,3328,0,0.00130478,charged,45473,1,1,citacoes
9B-22,9B,run-4,8788809d-859f-4f33-a0fa-047d3cb7c136,1,success,done,openrouter,deepseek/deepseek-v4.1-flash,DeepInfra,1,1,4aa7bc194f60,0.0,42,5m,858,2987,768,0,0.00127037,charged,39945,0,0,
9B-22,9B,run-5,241fb4c1-3b05-4a9d-bddd-52dcd5cad617,1,retry,done,openrouter,deepseek/deepseek-v4.1-flash,DeepInfra,1,1,4aa7bc194f60,0.0,42,5m,7384,4621,5376,0,0.00224452,charged,54921,2,3,citacoes
9B-22,9B,run-5,241fb4c1-3b05-4a9d-bddd-52dcd5cad617,2,success,done,openrouter,deepseek/deepseek-v4.1-flash,DeepInfra,1,1,4aa7bc194f60,0.0,42,5m,858,1669,768,0,0.00071681,charged,35926,0,0,
9B-23,9B,run-1,9547022e-bce6-46bf-8935-41f5615e1889,1,success,done,openrouter,deepseek/deepseek-v4.1-flash,DeepInfra,1,1,4aa7bc194f60,0.0,42,5m,968,2005,768,0,0.00087333,charged,49053,0,0,
9B-23,9B,run-2,18e3c4a0-9d15-4e97-b317-952b242e9db5,1,success,done,openrouter,deepseek/deepseek-v4.1-flash,DeepInfra,1,1,4aa7bc194f60,0.0,42,5m,968,1327,768,0,0.00058857,charged,26023,0,0,
9B-23,9B,run-3,a6f7b47b-9abb-42f2-8619-213ae74b9d73,1,success,done,openrouter,deepseek/deepseek-v4.1-flash,DeepInfra,1,1,4aa7bc194f60,0.0,42,5m,4053,3955,3840,0,0.00170705,charged,100912,1,1,citacoes
9B-23,9B,run-4,52030fc9-ed63-4942-b3f7-821d9813b53f,1,success,done,openrouter,deepseek/deepseek-v4.1-flash,DeepInfra,1,1,4aa7bc194f60,0.0,42,5m,968,2693,896,0,0.00114490,charged,46697,0,0,
9B-23,9B,run-5,5f5f75d0-e8bb-4ed5-aebe-a1dfd452b839,1,success,done,openrouter,deepseek/deepseek-v4.1-flash,DeepInfra,1,1,4aa7bc194f60,0.0,42,5m,4683,5145,1792,0,0.00257317,charged,102315,1,1,citacoes
9B-24,9B,run-1,9121bdae-1541-40a7-b82e-de90c0b59b84,1,success,done,openrouter,deepseek/deepseek-v4.1-flash,DeepInfra,1,1,4aa7bc194f60,0.0,42,5m,1007,1442,768,0,0.00064233,charged,29612,0,0,
9B-24,9B,run-2,24a355d8-022f-4464-b337-5ddb29885c18,1,success,done,openrouter,deepseek/deepseek-v4.1-flash,DeepInfra,1,1,4aa7bc194f60,0.0,42,5m,1007,1827,768,0,0.00080403,charged,35124,0,0,
9B-24,9B,run-3,5b2d6e64-479b-496a-9e5b-baa2a2628787,1,success,done,openrouter,deepseek/deepseek-v4.1-flash,DeepInfra,1,1,4aa7bc194f60,0.0,42,5m,1007,1808,896,0,0.00077866,charged,45551,0,0,
9B-24,9B,run-4,43f3cb5a-58cd-41eb-aa71-49268c80aaa8,1,success,done,openrouter,deepseek/deepseek-v4.1-flash,DeepInfra,1,1,4aa7bc194f60,0.0,42,5m,1007,2018,896,0,0.00086686,charged,38640,0,0,
9B-24,9B,run-5,f56bd7a6-3b4a-4013-b196-1a7673084162,1,success,done,openrouter,deepseek/deepseek-v4.1-flash,DeepInfra,1,1,4aa7bc194f60,0.0,42,5m,1007,2651,896,0,0.00113272,charged,60039,0,0,
9B-25,9B,run-1,357a3b36-e871-4363-bb87-45a403b4c49c,1,success,done,openrouter,deepseek/deepseek-v4.1-flash,DeepInfra,1,1,4aa7bc194f60,0.0,42,5m,881,1804,768,0,0.00077673,charged,28926,0,0,
9B-25,9B,run-2,ccf029aa-f011-417c-8962-3b2fd11a12a2,1,success,done,openrouter,deepseek/deepseek-v4.1-flash,DeepInfra,1,1,4aa7bc194f60,0.0,42,5m,881,1823,768,0,0.00078471,charged,33746,0,0,
9B-25,9B,run-3,cf91dfa8-2998-4cde-931c-6f7cc26fc779,1,success,done,openrouter,deepseek/deepseek-v4.1-flash,DeepInfra,1,1,4aa7bc194f60,0.0,42,5m,8091,4736,5632,0,0.00235703,charged,62616,2,2,citacoes
9B-25,9B,run-4,878e7d50-0375-4dd5-b685-6e799a0a9dbb,1,success,done,openrouter,deepseek/deepseek-v4.1-flash,DeepInfra,1,1,4aa7bc194f60,0.0,42,5m,8516,7349,8192,0,0.00316635,charged,76372,2,2,citacoes
9B-25,9B,run-5,204063ea-013b-41f5-9bfe-037405b916b1,1,success,done,openrouter,deepseek/deepseek-v4.1-flash,DeepInfra,1,1,4aa7bc194f60,0.0,42,5m,3728,3316,1664,0,0.00168867,charged,40231,1,1,citacoes
9B-26,9B,run-1,3002cd7e-091c-477a-8857-d6124c444266,1,success,done,openrouter,deepseek/deepseek-v4.1-flash,DeepInfra,1,1,4aa7bc194f60,0.0,42,5m,876,1418,768,0,0.00061391,charged,29610,0,0,
9B-26,9B,run-2,e2e8d743-8e9d-44ed-8b41-212bfaaba5d8,1,success,done,openrouter,deepseek/deepseek-v4.1-flash,DeepInfra,1,1,4aa7bc194f60,0.0,42,5m,3262,2880,1536,0,0.00145769,charged,45056,1,1,citacoes
9B-26,9B,run-3,be178ac9-33a6-4a92-8bcb-26978e194aab,1,success,done,openrouter,deepseek/deepseek-v4.1-flash,DeepInfra,1,1,4aa7bc194f60,0.0,42,5m,3677,3433,1536,0,0.00174805,charged,88855,1,1,citacoes
9B-26,9B,run-4,a0c64b25-266b-4ff3-80d7-1a9c631f1edc,1,success,done,openrouter,deepseek/deepseek-v4.1-flash,DeepInfra,1,1,4aa7bc194f60,0.0,42,5m,876,1614,768,0,0.00069623,charged,22437,0,0,
9B-26,9B,run-5,47291e05-a31d-4c18-8041-ccd355493b9c,1,success,done,openrouter,deepseek/deepseek-v4.1-flash,DeepInfra,1,1,4aa7bc194f60,0.0,42,5m,876,1480,768,0,0.00063995,charged,19631,0,0,
9B-27,9B,run-1,4048e23a-dfcc-4995-aeac-ab7a8d466237,1,success,done,openrouter,deepseek/deepseek-v4.1-flash,DeepInfra,1,1,4aa7bc194f60,0.0,42,5m,914,2775,0,0,0.00129346,charged,51221,0,0,
9B-27,9B,run-2,50d59f0f-a845-4169-898f-4286310b502a,1,success,done,openrouter,deepseek/deepseek-v4.1-flash,DeepInfra,1,1,4aa7bc194f60,0.0,42,5m,3878,3339,3200,0,0.00151074,charged,48323,1,1,citacoes
9B-27,9B,run-3,5ab4d6a2-88f8-4bdf-9b7d-8370165fedef,1,success,done,openrouter,deepseek/deepseek-v4.1-flash,DeepInfra,1,1,4aa7bc194f60,0.0,42,5m,914,3220,896,0,0.00135868,charged,50204,0,0,
9B-27,9B,run-4,86ee7496-8040-4f3f-a026-19f8fd3649b6,1,success,done,openrouter,deepseek/deepseek-v4.1-flash,DeepInfra,1,1,4aa7bc194f60,0.0,42,5m,914,2879,768,0,0.00123285,charged,40829,0,0,
9B-27,9B,run-5,e75854cc-38b1-4b23-b53a-6785da4f23a6,1,success,done,openrouter,deepseek/deepseek-v4.1-flash,DeepInfra,1,1,4aa7bc194f60,0.0,42,5m,914,2529,896,0,0.00106846,charged,31213,0,0,
9B-28,9B,run-1,c8788403-6aa2-4862-8a55-25f0727940a7,1,success,done,openrouter,deepseek/deepseek-v4.1-flash,DeepInfra,1,1,4aa7bc194f60,0.0,42,5m,1003,2828,768,0,0.00122389,charged,55306,0,0,
9B-28,9B,run-2,6ec9b39c-ba53-4e49-8861-f07ae769a3bd,1,success,done,openrouter,deepseek/deepseek-v4.1-flash,DeepInfra,1,1,4aa7bc194f60,0.0,42,5m,1003,2482,768,0,0.00107857,charged,35876,0,0,
9B-28,9B,run-3,33385397-a8ee-4cdd-8ad1-1b2ccd1636da,1,success,done,openrouter,deepseek/deepseek-v4.1-flash,DeepInfra,1,1,4aa7bc194f60,0.0,42,5m,1003,2807,896,0,0.00119768,charged,64571,0,0,
9B-28,9B,run-4,6f13f7c2-bfce-42da-9d05-b641f14d690c,1,success,done,openrouter,deepseek/deepseek-v4.1-flash,DeepInfra,1,1,4aa7bc194f60,0.0,42,5m,9292,6380,5120,0,0.00328518,charged,111218,2,2,citacoes
9B-28,9B,run-5,aac2e379-ec81-4e29-a8d3-dfb5ebf7a992,1,success,done,openrouter,deepseek/deepseek-v4.1-flash,DeepInfra,1,1,4aa7bc194f60,0.0,42,5m,1003,2516,896,0,0.00107546,charged,38946,0,0,
9B-29,9B,run-1,0969f946-9c35-402d-87ec-4a014f691e68,1,success,done,openrouter,deepseek/deepseek-v4.1-flash,DeepInfra,1,1,4aa7bc194f60,0.0,42,5m,3269,2767,768,0,0.00151551,charged,49499,1,1,citacoes
9B-29,9B,run-2,0a59c064-763e-4b9e-824e-60f6b8550656,1,success,done,openrouter,deepseek/deepseek-v4.1-flash,DeepInfra,1,1,4aa7bc194f60,0.0,42,5m,3371,3012,1536,0,0.00152839,charged,49788,1,1,citacoes
9B-29,9B,run-3,1c70bc35-876b-4a70-9267-3c6804cfeff4,1,success,done,openrouter,deepseek/deepseek-v4.1-flash,DeepInfra,1,1,4aa7bc194f60,0.0,42,5m,880,1421,768,0,0.00061573,charged,25840,0,0,
9B-29,9B,run-4,85bfc168-6acf-4452-9282-d3bde11c3441,1,success,done,openrouter,deepseek/deepseek-v4.1-flash,DeepInfra,1,1,4aa7bc194f60,0.0,42,5m,3174,2501,2944,0,0.00109498,charged,30968,1,1,citacoes
9B-29,9B,run-5,9877476a-c906-4452-b028-5b125eef896b,1,success,done,openrouter,deepseek/deepseek-v4.1-flash,DeepInfra,1,1,4aa7bc194f60,0.0,42,5m,3402,3420,3200,0,0.00147812,charged,40722,1,1,citacoes
9C-01,9C,run-1,7e881a3a-e9c2-4ff0-82ef-3090333e7ccc,1,success,done,openrouter,deepseek/deepseek-v4.1-flash,DeepInfra,1,1,4aa7bc194f60,0.0,42,5m,910,1276,768,0,0.00055903,charged,29495,0,0,
9C-01,9C,run-2,e260342d-9312-42a6-b97a-e59bd788112a,1,success,done,openrouter,deepseek/deepseek-v4.1-flash,DeepInfra,1,1,4aa7bc194f60,0.0,42,5m,910,1611,768,0,0.00069973,charged,33608,0,0,
9C-01,9C,run-3,be78ec73-0714-4d32-ae11-c35b515552e7,1,success,done,openrouter,deepseek/deepseek-v4.1-flash,DeepInfra,1,1,4aa7bc194f60,0.0,42,5m,910,2249,896,0,0.00095030,charged,50312,0,0,
9C-01,9C,run-4,16a1d742-42f1-4290-a9b4-bdb01d8462a0,1,success,done,openrouter,deepseek/deepseek-v4.1-flash,DeepInfra,1,1,4aa7bc194f60,0.0,42,5m,910,1578,896,0,0.00066848,charged,42010,0,0,
9C-01,9C,run-5,5e006cb5-02c7-4a08-8eba-c3b16dd43cd1,1,success,done,openrouter,deepseek/deepseek-v4.1-flash,DeepInfra,1,1,4aa7bc194f60,0.0,42,5m,910,1873,896,0,0.00079238,charged,34972,0,0,
9C-02,9C,run-1,ca20b794-6347-42f1-aa2d-36beb655d5d6,1,success,done,openrouter,deepseek/deepseek-v4.1-flash,DeepInfra,1,1,4aa7bc194f60,0.0,42,5m,851,1613,768,0,0.00069231,charged,35227,0,0,
9C-02,9C,run-2,b35b96a0-40c3-463d-b51e-badff7417ca4,1,success,done,openrouter,deepseek/deepseek-v4.1-flash,DeepInfra,1,1,4aa7bc194f60,0.0,42,5m,3446,2985,1536,0,0.00152755,charged,73750,1,1,citacoes
9C-02,9C,run-3,c4a7e564-c682-4cbf-ab5a-8914a4877fa8,1,success,done,openrouter,deepseek/deepseek-v4.1-flash,DeepInfra,1,1,4aa7bc194f60,0.0,42,5m,851,1365,768,0,0.00058815,charged,22954,0,0,
9C-02,9C,run-4,542c9f03-bac1-419e-8069-d54cafaf8566,1,success,done,openrouter,deepseek/deepseek-v4.1-flash,DeepInfra,1,1,4aa7bc194f60,0.0,42,5m,851,1681,768,0,0.00072087,charged,34723,0,0,
9C-02,9C,run-5,fbe135b3-2852-48d4-a609-6fc87f1beab0,1,success,done,openrouter,deepseek/deepseek-v4.1-flash,DeepInfra,1,1,4aa7bc194f60,0.0,42,5m,851,1405,768,0,0.00060495,charged,28243,0,0,
9C-03,9C,run-1,0686159a-3b65-41ad-a6d4-5e1e076a5d2c,1,success,done,openrouter,deepseek/deepseek-v4.1-flash,DeepInfra,1,1,4aa7bc194f60,0.0,42,5m,9973,6772,9600,0,0.00293678,charged,118726,2,2,citacoes
9C-03,9C,run-2,a52227d4-5e91-405f-b69e-dcb467e8a2b8,1,success,done,openrouter,deepseek/deepseek-v4.1-flash,DeepInfra,1,1,4aa7bc194f60,0.0,42,5m,959,2844,768,0,0.00122445,charged,45549,0,0,
9C-03,9C,run-3,197e3d9a-1a3b-47f1-b3ed-6e8c0d9abab1,1,success,done,openrouter,deepseek/deepseek-v4.1-flash,DeepInfra,1,1,4aa7bc194f60,0.0,42,5m,959,3335,896,0,0.00141328,charged,53319,0,0,
9C-03,9C,run-4,5b8136c6-4bf3-4c3b-852a-df8068a9521c,1,success,done,openrouter,deepseek/deepseek-v4.1-flash,DeepInfra,1,1,4aa7bc194f60,0.0,42,5m,959,2398,896,0,0.00101974,charged,70908,0,0,
9C-03,9C,run-5,d8888c8d-ce0b-4fd9-8af4-f680b61299c5,1,success,done,openrouter,deepseek/deepseek-v4.1-flash,DeepInfra,1,1,4aa7bc194f60,0.0,42,5m,959,3685,896,0,0.00156028,charged,50135,0,0,
9C-04,9C,run-1,2658a238-bad9-4de6-975d-f77b40cf210e,1,success,done,openrouter,deepseek/deepseek-v4.1-flash,DeepInfra,1,1,4aa7bc194f60,0.0,42,5m,3059,2373,1536,0,0.00121633,charged,37305,1,1,citacoes
9C-04,9C,run-2,c1bfff7d-5abd-4d40-afd0-113ed84169b6,1,success,done,openrouter,deepseek/deepseek-v4.1-flash,DeepInfra,1,1,4aa7bc194f60,0.0,42,5m,868,1478,768,0,0.00063799,charged,36313,0,0,
9C-04,9C,run-3,b9fa22fa-fcd1-4677-b0ac-9c7b79ecfc45,1,success,done,openrouter,deepseek/deepseek-v4.1-flash,DeepInfra,1,1,4aa7bc194f60,0.0,42,5m,3858,4072,3584,0,0.00176365,charged,56890,1,1,citacoes
9C-04,9C,run-4,b0428a42-4e51-4b92-8694-8ac1fd5a8ca3,1,success,done,openrouter,deepseek/deepseek-v4.1-flash,DeepInfra,1,1,4aa7bc194f60,0.0,42,5m,868,1354,768,0,0.00058591,charged,24451,0,0,
9C-04,9C,run-5,e476e3d5-1c85-44e7-b175-522d8055e0ac,1,success,done,openrouter,deepseek/deepseek-v4.1-flash,DeepInfra,1,1,4aa7bc194f60,0.0,42,5m,868,1516,768,0,0.00065395,charged,30667,0,0,
9C-05,9C,run-1,7205439b-a534-470e-848f-5ac8a44cec27,1,success,done,openrouter,deepseek/deepseek-v4.1-flash,DeepInfra,1,1,4aa7bc194f60,0.0,42,5m,853,1568,768,0,0.00067369,charged,25963,0,0,
9C-05,9C,run-2,c58c3cbd-4cef-4958-b95a-9d8634259e8d,1,success,done,openrouter,deepseek/deepseek-v4.1-flash,DeepInfra,1,1,4aa7bc194f60,0.0,42,5m,853,1453,768,0,0.00062539,charged,37164,0,0,
9C-05,9C,run-3,da3cd419-ae54-4b53-8525-592d096dcff5,1,success,done,openrouter,deepseek/deepseek-v4.1-flash,DeepInfra,1,1,4aa7bc194f60,0.0,42,5m,3177,2957,2944,0,0.00128692,charged,48088,1,1,citacoes
9C-05,9C,run-4,77c90c7d-4ca9-4b5e-8f47-4116d13baad0,1,success,done,openrouter,deepseek/deepseek-v4.1-flash,DeepInfra,1,1,4aa7bc194f60,0.0,42,5m,853,2092,768,0,0.00089377,charged,44537,0,0,
9C-05,9C,run-5,d5ea9f9d-6347-4389-95d0-ab1b2d1f4b51,1,success,done,openrouter,deepseek/deepseek-v4.1-flash,DeepInfra,1,1,4aa7bc194f60,0.0,42,5m,853,1950,768,0,0.00083413,charged,35034,0,0,
9C-06,9C,run-1,9ca19279-0454-4d49-80ba-3c6e5e0eb4f4,1,success,done,openrouter,deepseek/deepseek-v4.1-flash,DeepInfra,1,1,4aa7bc194f60,0.0,42,5m,3462,3477,1536,0,0.00173643,charged,63661,1,1,citacoes
9C-06,9C,run-2,41601388-5b24-40a4-8410-c40e0abd1e1d,1,success,done,openrouter,deepseek/deepseek-v4.1-flash,DeepInfra,1,1,4aa7bc194f60,0.0,42,5m,852,1346,768,0,0.00058031,charged,35878,0,0,
9C-06,9C,run-3,4fc836e6-7f30-45fc-a96e-cdac910b94fa,1,success,done,openrouter,deepseek/deepseek-v4.1-flash,DeepInfra,1,1,4aa7bc194f60,0.0,42,5m,852,2166,768,0,0.00092471,charged,41273,0,0,
9C-06,9C,run-4,00296f11-f598-4dc3-882b-bbff9d055e66,1,success,done,openrouter,deepseek/deepseek-v4.1-flash,DeepInfra,1,1,4aa7bc194f60,0.0,42,5m,852,1645,768,0,0.00070589,charged,35119,0,0,
9C-06,9C,run-5,0dd7586b-fa48-4724-b942-500df301635b,1,success,done,openrouter,deepseek/deepseek-v4.1-flash,DeepInfra,1,1,4aa7bc194f60,0.0,42,5m,4169,4407,768,0,0.00277065,charged,55356,1,1,citacoes
9C-07,9C,run-1,ba51b693-da27-4f91-bc7b-d722b2488231,1,success,done,openrouter,deepseek/deepseek-v4.1-flash,DeepInfra,1,1,4aa7bc194f60,0.0,42,5m,890,1471,768,0,0.00063813,charged,23339,0,0,
9C-07,9C,run-2,3736b348-afa5-4843-85d7-1d132af70f7c,1,success,done,openrouter,deepseek/deepseek-v4.1-flash,DeepInfra,1,1,4aa7bc194f60,0.0,42,5m,890,1652,768,0,0.00071415,charged,38718,0,0,
9C-07,9C,run-3,2d864087-b782-4b34-800c-6d12b004fb84,1,success,done,openrouter,deepseek/deepseek-v4.1-flash,DeepInfra,1,1,4aa7bc194f60,0.0,42,5m,890,1777,768,0,0.00076665,charged,27503,0,0,
9C-07,9C,run-4,06911708-e491-4280-b74d-c79440e593e3,1,success,done,openrouter,deepseek/deepseek-v4.1-flash,DeepInfra,1,1,4aa7bc194f60,0.0,42,5m,8413,4724,4480,0,0.00255352,charged,79854,2,2,citacoes
9C-07,9C,run-5,4145b7d2-74e3-4f35-be6e-e27e0f936bd3,1,success,done,openrouter,deepseek/deepseek-v4.1-flash,DeepInfra,1,1,4aa7bc194f60,0.0,42,5m,890,1720,768,0,0.00074271,charged,31912,0,0,
9C-08,9C,run-1,8bfa4303-39c0-4c69-addc-e3fa00fa5d03,1,success,done,openrouter,deepseek/deepseek-v4.1-flash,DeepInfra,1,1,4aa7bc194f60,0.0,42,5m,993,1515,768,0,0.00067103,charged,30625,0,0,
9C-08,9C,run-2,690ecc39-a546-4a8e-b8d8-1df91bce7d5b,1,success,done,openrouter,deepseek/deepseek-v4.1-flash,DeepInfra,1,1,4aa7bc194f60,0.0,42,5m,993,1672,896,0,0.00071958,charged,33958,0,0,
9C-08,9C,run-3,105030ac-97af-4b79-880a-c7339a9f8c2c,1,success,done,openrouter,deepseek/deepseek-v4.1-flash,DeepInfra,1,1,4aa7bc194f60,0.0,42,5m,993,2128,896,0,0.00091110,charged,46753,0,0,
9C-08,9C,run-4,b9056790-7f0a-47ef-8c3e-e6a593445297,1,success,done,openrouter,deepseek/deepseek-v4.1-flash,DeepInfra,1,1,4aa7bc194f60,0.0,42,5m,993,1782,896,0,0.00076578,charged,43985,0,0,
9C-08,9C,run-5,18582307-3ed1-4e99-8b9c-33d8b295632b,1,success,done,openrouter,deepseek/deepseek-v4.1-flash,DeepInfra,1,1,4aa7bc194f60,0.0,42,5m,993,2400,896,0,0.00102534,charged,41695,0,0,
9C-09,9C,run-1,742abfe7-41ba-4aac-b972-6d5c17b10086,1,success,done,openrouter,deepseek/deepseek-v4.1-flash,DeepInfra,1,1,4aa7bc194f60,0.0,42,5m,912,2132,768,0,0.00091883,charged,42336,0,0,
9C-09,9C,run-2,ea6b0b65-c335-4876-898e-9363b88cdd42,1,success,done,openrouter,deepseek/deepseek-v4.1-flash,DeepInfra,1,1,4aa7bc194f60,0.0,42,5m,912,2714,896,0,0.00114588,charged,48931,0,0,
9C-09,9C,run-3,e2103260-8d43-4a40-9b2c-f615fdbb1ca5,1,success,done,openrouter,deepseek/deepseek-v4.1-flash,DeepInfra,1,1,4aa7bc194f60,0.0,42,5m,912,4560,896,0,0.00192120,charged,99618,0,0,
9C-09,9C,run-4,5cd4cdb2-d340-4144-aff6-2da715c52a2a,1,success,done,openrouter,deepseek/deepseek-v4.1-flash,DeepInfra,1,1,4aa7bc194f60,0.0,42,5m,912,3726,896,0,0.00157092,charged,75812,0,0,
9C-09,9C,run-5,f3c149d1-9122-4525-b462-c7c06d21fcaf,1,success,done,openrouter,deepseek/deepseek-v4.1-flash,DeepInfra,1,1,4aa7bc194f60,0.0,42,5m,8978,5439,6656,0,0.00263742,charged,100849,2,2,citacoes
9C-10,9C,run-1,e3328c42-3ab5-4cac-818a-6c4cdf4ffdc8,1,success,done,openrouter,deepseek/deepseek-v4.1-flash,DeepInfra,1,1,4aa7bc194f60,0.0,42,5m,893,2253,768,0,0.00096699,charged,35707,0,0,
9C-10,9C,run-2,fb7a91f0-daa5-4e6c-81d7-c324e3d0fc8a,1,success,done,openrouter,deepseek/deepseek-v4.1-flash,DeepInfra,1,1,4aa7bc194f60,0.0,42,5m,893,1602,768,0,0.00069357,charged,37811,0,0,
9C-10,9C,run-3,edc7ecdd-17ab-43e2-a68b-38e6c84f8365,1,success,done,openrouter,deepseek/deepseek-v4.1-flash,DeepInfra,1,1,4aa7bc194f60,0.0,42,5m,893,1452,768,0,0.00063057,charged,22331,0,0,
9C-10,9C,run-4,3647e8e1-1b46-4e38-86d3-75026498896e,1,success,done,openrouter,deepseek/deepseek-v4.1-flash,DeepInfra,1,1,4aa7bc194f60,0.0,42,5m,3370,2674,3072,0,0.00117770,charged,52929,1,1,citacoes
9C-10,9C,run-5,637a9629-5e4c-4bf1-ac3b-e862e33b4367,1,success,done,openrouter,deepseek/deepseek-v4.1-flash,DeepInfra,1,1,4aa7bc194f60,0.0,42,5m,893,1438,768,0,0.00062469,charged,28379,0,0,
9C-11,9C,run-1,8068b493-2176-44b6-9e51-ed07986a0a26,1,success,done,openrouter,deepseek/deepseek-v4.1-flash,DeepInfra,1,1,4aa7bc194f60,0.0,42,5m,815,1270,768,0,0.00054321,charged,25537,0,0,
9C-11,9C,run-2,410162f5-7a1a-4640-b95e-d981f59fbdb4,1,success,done,openrouter,deepseek/deepseek-v4.1-flash,DeepInfra,1,1,4aa7bc194f60,0.0,42,5m,815,1178,768,0,0.00050457,charged,31632,0,0,
9C-11,9C,run-3,b23fe446-cdc5-4bf7-8eac-68484af43447,1,success,done,openrouter,deepseek/deepseek-v4.1-flash,DeepInfra,1,1,4aa7bc194f60,0.0,42,5m,815,1023,768,0,0.00043947,charged,17573,0,0,
9C-11,9C,run-4,206e585e-3747-4cbd-b518-982a09a559eb,1,success,done,openrouter,deepseek/deepseek-v4.1-flash,DeepInfra,1,1,4aa7bc194f60,0.0,42,5m,815,1291,768,0,0.00055203,charged,19630,0,0,
9C-11,9C,run-5,ee4f0ba4-16fc-417d-9d24-cf89fd2cae7a,1,success,done,openrouter,deepseek/deepseek-v4.1-flash,DeepInfra,1,1,4aa7bc194f60,0.0,42,5m,815,1147,768,0,0.00049155,charged,22588,0,0,
9C-12,9C,run-1,0f81734c-bcac-4dfb-beba-652fafd13f01,1,success,done,openrouter,deepseek/deepseek-v4.1-flash,DeepInfra,1,1,4aa7bc194f60,0.0,42,5m,7852,5204,5760,0,0.00250275,charged,74685,2,2,citacoes
9C-12,9C,run-2,b6595b34-77e7-4447-999a-afcc307ec0fc,1,success,done,openrouter,deepseek/deepseek-v4.1-flash,DeepInfra,1,1,4aa7bc194f60,0.0,42,5m,910,1759,896,0,0.00074450,charged,40287,0,0,
9C-12,9C,run-3,04d7c91d-0aaf-4d19-a978-a301ca2bf996,1,success,done,openrouter,deepseek/deepseek-v4.1-flash,DeepInfra,1,1,4aa7bc194f60,0.0,42,5m,910,1948,896,0,0.00082388,charged,24221,0,0,
9C-12,9C,run-4,9fd826d4-3f8d-4318-92bc-f8f26ada60aa,1,success,done,openrouter,deepseek/deepseek-v4.1-flash,DeepInfra,1,1,4aa7bc194f60,0.0,42,5m,910,1760,896,0,0.00074492,charged,35254,0,0,
9C-12,9C,run-5,e90fb8b3-b80c-49e2-9490-67c9a2d580d2,1,success,done,openrouter,deepseek/deepseek-v4.1-flash,DeepInfra,1,1,4aa7bc194f60,0.0,42,5m,910,2237,768,0,0.00096265,charged,37486,0,0,
9C-13,9C,run-1,27fd69d3-a8f5-4f80-9e58-1df56611c860,1,success,done,openrouter,deepseek/deepseek-v4.1-flash,DeepInfra,1,1,4aa7bc194f60,0.0,42,5m,879,2472,0,0,0.00116130,charged,41646,0,0,
9C-13,9C,run-2,b279ccbb-b8a8-4499-9361-8a7fde8e20ab,1,success,done,openrouter,deepseek/deepseek-v4.1-flash,DeepInfra,1,1,4aa7bc194f60,0.0,42,5m,879,1396,768,0,0.00060509,charged,35931,0,0,
9C-13,9C,run-3,34eb45db-f6ad-469a-83d7-4d20d4050e5f,1,success,done,openrouter,deepseek/deepseek-v4.1-flash,DeepInfra,1,1,4aa7bc194f60,0.0,42,5m,879,1675,768,0,0.00072227,charged,24976,0,0,
9C-13,9C,run-4,41970715-8921-4ba1-abab-9d78e0875d2b,1,success,done,openrouter,deepseek/deepseek-v4.1-flash,DeepInfra,1,1,4aa7bc194f60,0.0,42,5m,879,1918,768,0,0.00082433,charged,37704,0,0,
9C-13,9C,run-5,9b749baf-cc04-4c2c-9119-249bd66b750c,1,success,done,openrouter,deepseek/deepseek-v4.1-flash,DeepInfra,1,1,4aa7bc194f60,0.0,42,5m,8400,5917,8064,0,0.00256605,charged,112331,2,2,citacoes
9C-14,9C,run-1,05429fdb-b080-4474-a0eb-c162544f5a4b,1,success,done,openrouter,deepseek/deepseek-v4.1-flash,DeepInfra,1,1,4aa7bc194f60,0.0,42,5m,973,1940,768,0,0.00084673,charged,49703,0,0,
9C-14,9C,run-2,d6993d93-4e09-44c2-beb9-dcca3cad3b27,1,success,done,openrouter,deepseek/deepseek-v4.1-flash,DeepInfra,1,1,4aa7bc194f60,0.0,42,5m,973,2062,768,0,0.00089797,charged,39653,0,0,
9C-14,9C,run-3,34005556-aea3-4470-900f-2f8c7febe0ee,1,success,done,openrouter,deepseek/deepseek-v4.1-flash,DeepInfra,1,1,4aa7bc194f60,0.0,42,5m,3894,3229,3712,0,0.00139725,charged,79641,1,1,citacoes
9C-14,9C,run-4,0bf59cd2-ab8f-4b31-a9d1-e8bd047bace4,1,success,done,openrouter,deepseek/deepseek-v4.1-flash,DeepInfra,1,1,4aa7bc194f60,0.0,42,5m,973,2835,896,0,0.00120524,charged,60489,0,0,
9C-14,9C,run-5,230bd872-0441-48d3-9f62-c6eb60627621,1,success,done,openrouter,deepseek/deepseek-v4.1-flash,DeepInfra,1,1,4aa7bc194f60,0.0,42,5m,973,3055,896,0,0.00129764,charged,57561,0,0,
9C-15,9C,run-1,0babcf98-3c46-4965-a85d-26f339d86798,1,success,done,openrouter,deepseek/deepseek-v4.1-flash,DeepInfra,1,1,4aa7bc194f60,0.0,42,5m,837,1542,768,0,0.00066053,charged,30611,0,0,
9C-15,9C,run-2,a4fa41c7-d442-4d93-a8a3-fab1a79c3362,1,success,done,openrouter,deepseek/deepseek-v4.1-flash,DeepInfra,1,1,4aa7bc194f60,0.0,42,5m,837,1511,768,0,0.00064751,charged,35962,0,0,
9C-15,9C,run-3,b28ca156-25c9-44a9-868a-c9410b929929,1,success,done,openrouter,deepseek/deepseek-v4.1-flash,DeepInfra,1,1,4aa7bc194f60,0.0,42,5m,837,1285,768,0,0.00055259,charged,20150,0,0,
9C-15,9C,run-4,e9f0b4ca-ed1b-47d4-98c1-544bfc3be55e,1,success,done,openrouter,deepseek/deepseek-v4.1-flash,DeepInfra,1,1,4aa7bc194f60,0.0,42,5m,837,1315,768,0,0.00056519,charged,18161,0,0,
9C-15,9C,run-5,ea31714b-9607-4f21-a2a4-23fb8bc29e7e,1,success,done,openrouter,deepseek/deepseek-v4.1-flash,DeepInfra,1,1,4aa7bc194f60,0.0,42,5m,3041,2507,1920,0,0.00121794,charged,37899,1,1,citacoes
9C-16,9C,run-1,fdbf3f34-f6d8-4f39-b6ae-6e4d579e36a0,1,success,done,openrouter,deepseek/deepseek-v4.1-flash,DeepInfra,1,1,4aa7bc194f60,0.0,42,5m,893,1760,768,0,0.00075993,charged,26342,0,0,
9C-16,9C,run-2,83b7c6cb-32c8-4391-b077-f07219bb8744,1,success,done,openrouter,deepseek/deepseek-v4.1-flash,DeepInfra,1,1,4aa7bc194f60,0.0,42,5m,893,1725,768,0,0.00074523,charged,32048,0,0,
9C-16,9C,run-3,27b02dd7-6e50-4962-8e83-13a2213c3fdd,1,success,done,openrouter,deepseek/deepseek-v4.1-flash,DeepInfra,1,1,4aa7bc194f60,0.0,42,5m,893,2450,768,0,0.00104973,charged,40714,0,0,
9C-16,9C,run-4,aab33caf-7734-44a5-97c2-50a24e7d0cc0,1,success,done,openrouter,deepseek/deepseek-v4.1-flash,DeepInfra,1,1,4aa7bc194f60,0.0,42,5m,9394,9320,4352,0,0.00463856,charged,129286,2,2,citacoes
9C-16,9C,run-5,d01f7e7d-383b-4c9e-8f37-a7339a8e537c,1,success,done,openrouter,deepseek/deepseek-v4.1-flash,DeepInfra,1,1,4aa7bc194f60,0.0,42,5m,7577,4238,7168,0,0.00186733,charged,53253,2,2,citacoes
9C-17,9C,run-1,2c8f90ea-2f71-46b3-be68-2b401944e003,1,success,done,openrouter,deepseek/deepseek-v4.1-flash,DeepInfra,1,1,4aa7bc194f60,0.0,42,5m,848,2962,768,0,0.00125847,charged,73560,0,0,
9C-17,9C,run-2,26dfe138-02d6-4dea-b5c1-d2ce0b45fcd1,1,success,done,openrouter,deepseek/deepseek-v4.1-flash,DeepInfra,1,1,4aa7bc194f60,0.0,42,5m,848,1323,768,0,0.00057009,charged,33976,0,0,
9C-17,9C,run-3,1e1f790f-0467-413f-95a7-edf7cd06c38e,1,success,done,openrouter,deepseek/deepseek-v4.1-flash,DeepInfra,1,1,4aa7bc194f60,0.0,42,5m,848,1567,768,0,0.00067257,charged,24183,0,0,
9C-17,9C,run-4,dcbf82b4-05b0-4532-a1b0-9f2d615dd789,1,success,done,openrouter,deepseek/deepseek-v4.1-flash,DeepInfra,1,1,4aa7bc194f60,0.0,42,5m,6999,4108,6656,0,0.00180134,charged,73705,2,2,citacoes
9C-17,9C,run-5,df4ea799-27df-4a60-ac61-92b20dcf853e,1,success,done,openrouter,deepseek/deepseek-v4.1-flash,DeepInfra,1,1,4aa7bc194f60,0.0,42,5m,848,1574,768,0,0.00067551,charged,29091,0,0,
9C-18,9C,run-1,e35514ac-15c9-4bdd-a972-d785f79bea94,1,success,done,openrouter,deepseek/deepseek-v4.1-flash,DeepInfra,1,1,4aa7bc194f60,0.0,42,5m,8131,5395,4608,0,0.00277847,charged,121146,2,2,citacoes
9C-18,9C,run-2,a7ac4f25-67a8-48ae-9473-aed725ad9e1f,1,success,done,openrouter,deepseek/deepseek-v4.1-flash,DeepInfra,1,1,4aa7bc194f60,0.0,42,5m,891,1884,768,0,0.00081173,charged,42285,0,0,
9C-18,9C,run-3,7feb2b87-4a9c-4f22-9341-533828814187,1,success,done,openrouter,deepseek/deepseek-v4.1-flash,DeepInfra,1,1,4aa7bc194f60,0.0,42,5m,891,2471,768,0,0.00105827,charged,43618,0,0,
9C-18,9C,run-4,856d190f-6d7e-4026-9c23-1a7b36f3c29c,1,success,done,openrouter,deepseek/deepseek-v4.1-flash,DeepInfra,1,1,4aa7bc194f60,0.0,42,5m,891,1741,768,0,0.00075167,charged,35840,0,0,
9C-18,9C,run-5,a80cd922-cccd-41af-80e0-4a185731acda,1,success,done,openrouter,deepseek/deepseek-v4.1-flash,DeepInfra,1,1,4aa7bc194f60,0.0,42,5m,891,1996,768,0,0.00085877,charged,35722,0,0,
9C-19,9C,run-1,633e3c24-cec0-4f54-b9bd-3e09ac92bde6,1,success,done,openrouter,deepseek/deepseek-v4.1-flash,DeepInfra,1,1,4aa7bc194f60,0.0,42,5m,860,1194,768,0,0.00051759,charged,20938,0,0,
9C-19,9C,run-2,64966fec-e9b7-4d0f-8df5-7cc5f5f3458f,1,success,done,openrouter,deepseek/deepseek-v4.1-flash,DeepInfra,1,1,4aa7bc194f60,0.0,42,5m,860,1891,768,0,0.00081033,charged,39865,0,0,
9C-19,9C,run-3,96b33ce1-27ef-4663-863a-d61e324d4f09,1,success,done,openrouter,deepseek/deepseek-v4.1-flash,DeepInfra,1,1,4aa7bc194f60,0.0,42,5m,860,1748,768,0,0.00075027,charged,25849,0,0,
9C-19,9C,run-4,b639deea-2007-4753-b3d9-1525e4661287,1,success,done,openrouter,deepseek/deepseek-v4.1-flash,DeepInfra,1,1,4aa7bc194f60,0.0,42,5m,3107,2554,2944,0,0.00110786,charged,48830,1,1,citacoes
9C-19,9C,run-5,d331168b-e756-4c5c-a630-82233752c084,1,success,done,openrouter,deepseek/deepseek-v4.1-flash,DeepInfra,1,1,4aa7bc194f60,0.0,42,5m,860,1800,768,0,0.00077211,charged,30452,0,0,
9C-20,9C,run-1,c37dc716-82c3-419d-a889-52a107f8da8d,1,success,done,openrouter,deepseek/deepseek-v4.1-flash,DeepInfra,1,1,4aa7bc194f60,0.0,42,5m,898,2453,768,0,0.00105169,charged,58538,0,0,
9C-20,9C,run-2,de3ddc08-1f44-4dc7-81b6-e007f951cbe8,1,success,done,openrouter,deepseek/deepseek-v4.1-flash,DeepInfra,1,1,4aa7bc194f60,0.0,42,5m,898,1788,896,0,0.00075500,charged,32385,0,0,
9C-20,9C,run-3,4ff81384-9c04-46f9-923c-7b2df5944f88,1,success,done,openrouter,deepseek/deepseek-v4.1-flash,DeepInfra,1,1,4aa7bc194f60,0.0,42,5m,898,1952,768,0,0.00084127,charged,43420,0,0,
9C-20,9C,run-4,0500f788-4018-4209-9f57-177fc3b1ed40,1,success,done,openrouter,deepseek/deepseek-v4.1-flash,DeepInfra,1,1,4aa7bc194f60,0.0,42,5m,898,1549,896,0,0.00065462,charged,38947,0,0,
9C-20,9C,run-5,2aea7639-b91a-4eaf-bdc7-4a339630d1fb,1,success,done,openrouter,deepseek/deepseek-v4.1-flash,DeepInfra,1,1,4aa7bc194f60,0.0,42,5m,898,2137,896,0,0.00090158,charged,35030,0,0,
9D-01,9D,run-1,7ee4fac9-2b0e-4576-a9a0-37b2b9ea88b8,1,success,done,openrouter,deepseek/deepseek-v4.1-flash,DeepInfra,1,1,4aa7bc194f60,0.0,42,5m,2957,2346,2816,0,0.00101689,charged,55567,1,1,citacoes
9D-01,9D,run-2,46e3dcad-47aa-4fe1-9a63-74cbdd3cf30c,1,success,done,openrouter,deepseek/deepseek-v4.1-flash,DeepInfra,1,1,4aa7bc194f60,0.0,42,5m,806,1650,768,0,0.00070155,charged,33459,0,0,
9D-01,9D,run-3,91b27892-dccd-4a89-a232-57691660e1a7,1,success,done,openrouter,deepseek/deepseek-v4.1-flash,DeepInfra,1,1,4aa7bc194f60,0.0,42,5m,3535,3120,3328,0,0.00135336,charged,58367,1,1,citacoes
9D-01,9D,run-4,ae2a9f6e-2150-487e-9d21-7f06768ceafc,1,success,done,openrouter,deepseek/deepseek-v4.1-flash,DeepInfra,1,1,4aa7bc194f60,0.0,42,5m,3435,2815,1536,0,0.00145461,charged,35212,1,1,citacoes
9D-01,9D,run-5,3844816d-e2f6-4543-bac3-917d205e7e09,1,success,done,openrouter,deepseek/deepseek-v4.1-flash,DeepInfra,1,1,4aa7bc194f60,0.0,42,5m,806,1503,768,0,0.00063981,charged,30820,0,0,
9D-02,9D,run-1,22eb61ee-4823-49c6-954d-564fa7c3551a,1,success,done,openrouter,deepseek/deepseek-v4.1-flash,DeepInfra,1,1,4aa7bc194f60,0.0,42,5m,835,1745,768,0,0.00074551,charged,41471,0,0,
9D-02,9D,run-2,49a0842c-f58f-4758-a321-289a458bb4ab,1,success,done,openrouter,deepseek/deepseek-v4.1-flash,DeepInfra,1,1,4aa7bc194f60,0.0,42,5m,835,1620,768,0,0.00069301,charged,32519,0,0,
9D-02,9D,run-3,369c3234-b00b-41e1-ab4d-bdbd84462516,1,success,done,openrouter,deepseek/deepseek-v4.1-flash,DeepInfra,1,1,4aa7bc194f60,0.0,42,5m,835,1208,768,0,0.00051997,charged,23165,0,0,
9D-02,9D,run-4,fb4054c9-6e3d-453e-9463-22282ff1e3fa,1,success,done,openrouter,deepseek/deepseek-v4.1-flash,DeepInfra,1,1,4aa7bc194f60,0.0,42,5m,835,1038,768,0,0.00044857,charged,16224,0,0,
9D-02,9D,run-5,becb28e7-ca06-48a5-802c-2a824dc36bb6,1,success,done,openrouter,deepseek/deepseek-v4.1-flash,DeepInfra,1,1,4aa7bc194f60,0.0,42,5m,835,1357,768,0,0.00058255,charged,28008,0,0,
9D-03,9D,run-1,41e73495-1f28-4f2e-ba2e-1144be7670a9,1,success,done,openrouter,deepseek/deepseek-v4.1-flash,DeepInfra,1,1,4aa7bc194f60,0.0,42,5m,993,1812,768,0,0.00079577,charged,38475,0,0,
9D-03,9D,run-2,1cc2eb73-374a-413d-918b-0596ed8de98f,1,success,done,openrouter,deepseek/deepseek-v4.1-flash,DeepInfra,1,1,4aa7bc194f60,0.0,42,5m,993,1808,768,0,0.00079409,charged,34026,0,0,
9D-03,9D,run-3,e306e83d-3209-46c7-a86d-4e8fb43ee858,1,success,done,openrouter,deepseek/deepseek-v4.1-flash,DeepInfra,1,1,4aa7bc194f60,0.0,42,5m,3843,2926,3584,0,0.00128023,charged,52317,1,1,citacoes
9D-03,9D,run-4,87b6a0b4-982f-4e2f-aaa6-d32587ad322c,1,success,done,openrouter,deepseek/deepseek-v4.1-flash,DeepInfra,1,1,4aa7bc194f60,0.0,42,5m,993,1977,896,0,0.00084768,charged,44346,0,0,
9D-03,9D,run-5,b846f1d0-f026-464c-bb23-58efc763a8ee,1,success,done,openrouter,deepseek/deepseek-v4.1-flash,DeepInfra,1,1,4aa7bc194f60,0.0,42,5m,4004,3183,3840,0,0.00137595,charged,73444,1,1,citacoes
9D-04,9D,run-1,26f5d576-2172-465b-8fca-1122774702d2,1,success,done,openrouter,deepseek/deepseek-v4.1-flash,DeepInfra,1,1,4aa7bc194f60,0.0,42,5m,848,1738,768,0,0.00074439,charged,34828,0,0,
9D-04,9D,run-2,349edcf9-019e-4679-a6c0-2441cd61bcf4,1,success,done,openrouter,deepseek/deepseek-v4.1-flash,DeepInfra,1,1,4aa7bc194f60,0.0,42,5m,848,1370,768,0,0.00058983,charged,28039,0,0,
9D-04,9D,run-3,1ecd21ea-45e3-4624-9602-47d73a0da7b7,1,success,done,openrouter,deepseek/deepseek-v4.1-flash,DeepInfra,1,1,4aa7bc194f60,0.0,42,5m,848,1762,768,0,0.00075447,charged,35756,0,0,
9D-04,9D,run-4,9881dc9f-41ed-404b-bc99-9fcf85d0897b,1,success,done,openrouter,deepseek/deepseek-v4.1-flash,DeepInfra,1,1,4aa7bc194f60,0.0,42,5m,848,1777,768,0,0.00076077,charged,25393,0,0,
9D-04,9D,run-5,a777a8d6-a086-4dba-8e46-40c816ddeafc,1,success,done,openrouter,deepseek/deepseek-v4.1-flash,DeepInfra,1,1,4aa7bc194f60,0.0,42,5m,3167,2619,2944,0,0.00114356,charged,41651,1,1,citacoes
9D-05,9D,run-1,c9fbb521-8e2c-45e3-b50f-8b06bc9ae917,1,success,done,openrouter,deepseek/deepseek-v4.1-flash,DeepInfra,1,1,4aa7bc194f60,0.0,42,5m,909,2229,768,0,0.00095915,charged,37956,0,0,
9D-05,9D,run-2,62a0b047-4ddc-4ec3-a6d8-23017922d653,1,success,done,openrouter,deepseek/deepseek-v4.1-flash,DeepInfra,1,1,4aa7bc194f60,0.0,42,5m,909,2259,768,0,0.00097175,charged,30259,0,0,
9D-05,9D,run-3,fffedc5d-8bc2-4392-97dd-868e894a2f7c,1,success,done,openrouter,deepseek/deepseek-v4.1-flash,DeepInfra,1,1,4aa7bc194f60,0.0,42,5m,909,1589,896,0,0.00067296,charged,34818,0,0,
9D-05,9D,run-4,4f992de6-1bb7-4159-9109-e792977cc0f8,1,success,done,openrouter,deepseek/deepseek-v4.1-flash,DeepInfra,1,1,4aa7bc194f60,0.0,42,5m,909,1801,896,0,0.00076200,charged,31938,0,0,
9D-05,9D,run-5,cc4950cd-5c38-411b-a383-bb74cd6c2090,1,success,done,openrouter,deepseek/deepseek-v4.1-flash,DeepInfra,1,1,4aa7bc194f60,0.0,42,5m,909,2026,896,0,0.00085650,charged,35936,0,0,
9D-06,9D,run-1,2c391549-3aca-4c2b-bc24-ae80b32891f3,1,success,done,openrouter,deepseek/deepseek-v4.1-flash,DeepInfra,1,1,4aa7bc194f60,0.0,42,5m,965,1988,768,0,0.00086577,charged,53126,0,0,
9D-06,9D,run-2,055b3b3b-63d8-4c17-a3ab-d012c95a1b4c,1,success,done,openrouter,deepseek/deepseek-v4.1-flash,DeepInfra,1,1,4aa7bc194f60,0.0,42,5m,965,1958,768,0,0.00085317,charged,25674,0,0,
9D-06,9D,run-3,d443ccc4-dea6-4609-95b9-944143bc3d4d,1,success,done,openrouter,deepseek/deepseek-v4.1-flash,DeepInfra,1,1,4aa7bc194f60,0.0,42,5m,965,2301,768,0,0.00099723,charged,46928,0,0,
9D-06,9D,run-4,17117f7f-7579-49b5-954f-d1b51b48d392,1,success,done,openrouter,deepseek/deepseek-v4.1-flash,DeepInfra,1,1,4aa7bc194f60,0.0,42,5m,965,1741,896,0,0.00074464,charged,24193,0,0,
9D-06,9D,run-5,c4638e69-396d-4e2c-b61a-26ba176bfcf8,1,success,done,openrouter,deepseek/deepseek-v4.1-flash,DeepInfra,1,1,4aa7bc194f60,0.0,42,5m,4051,3362,1792,0,0.00173583,charged,76944,1,1,citacoes
9D-07,9D,run-1,4716b2fd-d27b-48a1-8670-70ea9d891d6a,1,success,done,openrouter,deepseek/deepseek-v4.1-flash,DeepInfra,1,1,4aa7bc194f60,0.0,42,5m,910,1666,768,0,0.00072283,charged,28673,0,0,
9D-07,9D,run-2,854e8a49-9a09-4678-a20e-bc64538b107a,1,success,done,openrouter,deepseek/deepseek-v4.1-flash,DeepInfra,1,1,4aa7bc194f60,0.0,42,5m,910,1644,768,0,0.00071359,charged,31042,0,0,
9D-07,9D,run-3,69eb8b40-a123-4267-91c7-fb58d80995ae,1,success,done,openrouter,deepseek/deepseek-v4.1-flash,DeepInfra,1,1,4aa7bc194f60,0.0,42,5m,910,1725,768,0,0.00074761,charged,35297,0,0,
9D-07,9D,run-4,ef211e25-784f-44cb-8215-08de61ea98de,1,success,done,openrouter,deepseek/deepseek-v4.1-flash,DeepInfra,1,1,4aa7bc194f60,0.0,42,5m,910,1855,896,0,0.00078482,charged,43728,0,0,
9D-07,9D,run-5,79f00de9-8457-4c38-9658-2e94395e3052,1,success,done,openrouter,deepseek/deepseek-v4.1-flash,DeepInfra,1,1,4aa7bc194f60,0.0,42,5m,910,1761,896,0,0.00074534,charged,54979,0,0,
9D-08,9D,run-1,1fe41dfb-de8b-4ab7-a0c3-7908a93f61e7,1,success,done,openrouter,deepseek/deepseek-v4.1-flash,DeepInfra,1,1,4aa7bc194f60,0.0,42,5m,834,2309,768,0,0.00098225,charged,61591,0,0,
9D-08,9D,run-2,09b386c6-f996-4ecb-b8b6-ce6bfd229d20,1,success,done,openrouter,deepseek/deepseek-v4.1-flash,DeepInfra,1,1,4aa7bc194f60,0.0,42,5m,834,2027,768,0,0.00086381,charged,38749,0,0,
9D-08,9D,run-3,f2ce2553-80f3-45f7-bf51-8b372cf37f49,1,success,done,openrouter,deepseek/deepseek-v4.1-flash,DeepInfra,1,1,4aa7bc194f60,0.0,42,5m,834,1475,768,0,0.00063197,charged,30948,0,0,
9D-08,9D,run-4,b446d60b-458c-420e-b0da-3e8c2ebc2109,1,success,done,openrouter,deepseek/deepseek-v4.1-flash,DeepInfra,1,1,4aa7bc194f60,0.0,42,5m,834,1473,768,0,0.00063113,charged,21481,0,0,
9D-08,9D,run-5,49cc01cd-8c14-4867-baad-ee438c709aeb,1,success,done,openrouter,deepseek/deepseek-v4.1-flash,DeepInfra,1,1,4aa7bc194f60,0.0,42,5m,834,1558,768,0,0.00066683,charged,29858,0,0,
9D-09,9D,run-1,610af871-cf1e-4b34-9907-30ae4a8a8925,1,success,done,openrouter,deepseek/deepseek-v4.1-flash,DeepInfra,1,1,4aa7bc194f60,0.0,42,5m,945,1288,768,0,0.00056897,charged,23297,0,0,
9D-09,9D,run-2,504d9b41-2753-46df-bebd-ade58b9d03fe,1,success,done,openrouter,deepseek/deepseek-v4.1-flash,DeepInfra,1,1,4aa7bc194f60,0.0,42,5m,945,2198,768,0,0.00095117,charged,40867,0,0,
9D-09,9D,run-3,bd0029c0-89d7-4bb8-9491-ef5d6a65d2e7,1,success,done,openrouter,deepseek/deepseek-v4.1-flash,DeepInfra,1,1,4aa7bc194f60,0.0,42,5m,945,1696,896,0,0.00072294,charged,36332,0,0,
9D-09,9D,run-4,a30f3b67-1ac4-450d-af5e-9dff859e41d9,1,success,done,openrouter,deepseek/deepseek-v4.1-flash,DeepInfra,1,1,4aa7bc194f60,0.0,42,5m,945,1891,896,0,0.00080484,charged,43501,0,0,
9D-09,9D,run-5,06d2c870-2b0d-4129-8c0b-e499f1b4d261,1,success,done,openrouter,deepseek/deepseek-v4.1-flash,DeepInfra,1,1,4aa7bc194f60,0.0,42,5m,945,1980,896,0,0.00084222,charged,57869,0,0,
9D-10,9D,run-1,b837affb-9877-4945-8007-6981aa663bdd,1,success,done,openrouter,deepseek/deepseek-v4.1-flash,DeepInfra,1,1,4aa7bc194f60,0.0,42,5m,3052,2299,1536,0,0.00118427,charged,35548,1,1,citacoes
9D-10,9D,run-2,0221efdc-10a1-43a4-a380-320fe5a2d76c,1,success,done,openrouter,deepseek/deepseek-v4.1-flash,DeepInfra,1,1,4aa7bc194f60,0.0,42,5m,833,1338,768,0,0.00057429,charged,27792,0,0,
9D-10,9D,run-3,a81a1a2a-3469-4229-a1a4-ae12634e968b,1,success,done,openrouter,deepseek/deepseek-v4.1-flash,DeepInfra,1,1,4aa7bc194f60,0.0,42,5m,833,1180,768,0,0.00050793,charged,21970,0,0,
9D-10,9D,run-4,081cb639-23dd-4507-9059-3558e165c58f,1,success,done,openrouter,deepseek/deepseek-v4.1-flash,DeepInfra,1,1,4aa7bc194f60,0.0,42,5m,833,1482,768,0,0.00063477,charged,37165,0,0,
9D-10,9D,run-5,caa9b887-375c-4dff-963f-caa765b8988e,1,success,done,openrouter,deepseek/deepseek-v4.1-flash,DeepInfra,1,1,4aa7bc194f60,0.0,42,5m,2924,2292,1536,0,0.00116341,charged,35311,1,1,citacoes
9D-11,9D,run-1,dcc8ebaf-1cf4-4aa9-ba0b-f52101be8a67,1,success,done,openrouter,deepseek/deepseek-v4.1-flash,DeepInfra,1,1,4aa7bc194f60,0.0,42,5m,8021,4895,4608,0,0.00255307,charged,95962,2,2,citacoes
9D-11,9D,run-2,00354577-9b31-46d5-8427-f8b12a9935fe,1,success,done,openrouter,deepseek/deepseek-v4.1-flash,DeepInfra,1,1,4aa7bc194f60,0.0,42,5m,858,1500,768,0,0.00064583,charged,18359,0,0,
9D-11,9D,run-3,8906ff00-30aa-4cc2-a904-19947c9cfbd7,1,success,done,openrouter,deepseek/deepseek-v4.1-flash,DeepInfra,1,1,4aa7bc194f60,0.0,42,5m,858,1620,768,0,0.00069623,charged,30520,0,0,
9D-11,9D,run-4,ffb59bc5-3a60-4820-858b-61219ac5ceef,1,success,done,openrouter,deepseek/deepseek-v4.1-flash,DeepInfra,1,1,4aa7bc194f60,0.0,42,5m,858,1241,768,0,0.00053705,charged,32191,0,0,
9D-11,9D,run-5,170ef072-2561-48f3-b66d-0ec5a76ed2ba,1,success,done,openrouter,deepseek/deepseek-v4.1-flash,DeepInfra,1,1,4aa7bc194f60,0.0,42,5m,858,1282,768,0,0.00055427,charged,25141,0,0,
9D-12,9D,run-1,d7b57d65-fc9e-4b7b-97a0-f701fc3388ad,1,success,done,openrouter,deepseek/deepseek-v4.1-flash,DeepInfra,1,1,4aa7bc194f60,0.0,42,5m,864,2282,768,0,0.00097511,charged,56854,0,0,
9D-12,9D,run-2,07ffcfd7-97ce-40eb-8b9d-cd019e2047cf,1,success,done,openrouter,deepseek/deepseek-v4.1-flash,DeepInfra,1,1,4aa7bc194f60,0.0,42,5m,3626,3012,1536,0,0.00156409,charged,49330,1,1,citacoes
9D-12,9D,run-3,1b960901-e731-4381-8f56-a53b52021ef6,1,success,done,openrouter,deepseek/deepseek-v4.1-flash,DeepInfra,1,1,4aa7bc194f60,0.0,42,5m,864,2026,768,0,0.00086759,charged,43406,0,0,
9D-12,9D,run-4,ba028ca2-5207-4211-b8f7-83101f40d4c8,1,success,done,openrouter,deepseek/deepseek-v4.1-flash,DeepInfra,1,1,4aa7bc194f60,0.0,42,5m,864,1561,768,0,0.00067229,charged,22098,0,0,
9D-12,9D,run-5,8108c554-882a-4d3e-a351-c7c72426f013,1,success,done,openrouter,deepseek/deepseek-v4.1-flash,DeepInfra,1,1,4aa7bc194f60,0.0,42,5m,864,1988,768,0,0.00085163,charged,36309,0,0,
9D-13,9D,run-1,4b7480de-34e0-480f-ab32-a0fb696f952f,1,success,done,openrouter,deepseek/deepseek-v4.1-flash,DeepInfra,1,1,4aa7bc194f60,0.0,42,5m,834,1391,768,0,0.00059669,charged,25282,0,0,
9D-13,9D,run-2,9f2693f7-b220-4313-ac16-4a2f766339d5,1,success,done,openrouter,deepseek/deepseek-v4.1-flash,DeepInfra,1,1,4aa7bc194f60,0.0,42,5m,834,1413,768,0,0.00060593,charged,19124,0,0,
9D-13,9D,run-3,ed3e5308-ed8c-4a79-8bee-43c21291aef9,1,success,done,openrouter,deepseek/deepseek-v4.1-flash,DeepInfra,1,1,4aa7bc194f60,0.0,42,5m,3303,2777,3072,0,0.00121158,charged,54107,1,1,citacoes
9D-13,9D,run-4,171de335-3dcd-418e-9df9-541d9ee90b00,1,success,done,openrouter,deepseek/deepseek-v4.1-flash,DeepInfra,1,1,4aa7bc194f60,0.0,42,5m,834,1984,768,0,0.00084575,charged,24996,0,0,
9D-13,9D,run-5,3acaf53a-cf35-4388-a531-cd2d10cbf919,1,success,done,openrouter,deepseek/deepseek-v4.1-flash,DeepInfra,1,1,4aa7bc194f60,0.0,42,5m,834,1654,768,0,0.00070715,charged,31491,0,0,
9D-14,9D,run-1,f00c2d12-2f4e-4de6-bd11-1f8b401369ed,1,success,done,openrouter,deepseek/deepseek-v4.1-flash,DeepInfra,1,1,4aa7bc194f60,0.0,42,5m,3998,3736,1536,0,0.00192025,charged,90590,1,1,citacoes
9D-14,9D,run-2,fb548010-35b0-432b-b992-8a9ba621d57a,1,success,done,openrouter,deepseek/deepseek-v4.1-flash,DeepInfra,1,1,4aa7bc194f60,0.0,42,5m,943,1760,768,0,0.00076693,charged,20946,0,0,
9D-14,9D,run-3,daed0213-1e92-497e-aa0b-c6c8dbd5d9d9,1,success,done,openrouter,deepseek/deepseek-v4.1-flash,DeepInfra,1,1,4aa7bc194f60,0.0,42,5m,943,2305,896,0,0.00097844,charged,44215,0,0,
9D-14,9D,run-4,d2d8783e-2502-42c5-b3c0-90fad8a7320d,1,success,done,openrouter,deepseek/deepseek-v4.1-flash,DeepInfra,1,1,4aa7bc194f60,0.0,42,5m,943,2680,896,0,0.00113594,charged,34167,0,0,
9D-14,9D,run-5,5ad0a2a1-cfab-4c18-969e-1cedb02a5e95,1,success,done,openrouter,deepseek/deepseek-v4.1-flash,DeepInfra,1,1,4aa7bc194f60,0.0,42,5m,4351,4472,1792,0,0.00224403,charged,88118,1,1,citacoes
9D-15,9D,run-1,85bfaf15-0b33-468c-a4a7-d70ee853f493,1,success,done,openrouter,deepseek/deepseek-v4.1-flash,DeepInfra,1,1,4aa7bc194f60,0.0,42,5m,928,2157,768,0,0.00093157,charged,59561,0,0,
9D-15,9D,run-2,952af5b8-5fa2-4d62-8f11-816a9d8943a8,1,success,done,openrouter,deepseek/deepseek-v4.1-flash,DeepInfra,1,1,4aa7bc194f60,0.0,42,5m,928,2330,768,0,0.00100423,charged,30074,0,0,
9D-15,9D,run-3,8b2ce48e-2922-4b2a-a813-b84675a067dd,1,success,done,openrouter,deepseek/deepseek-v4.1-flash,DeepInfra,1,1,4aa7bc194f60,0.0,42,5m,4081,3359,1664,0,0.00175615,charged,69331,1,1,citacoes
9D-15,9D,run-4,b0aef875-f02b-44c3-9421-cd52ea788325,1,success,done,openrouter,deepseek/deepseek-v4.1-flash,DeepInfra,1,1,4aa7bc194f60,0.0,42,5m,928,2392,768,0,0.00103027,charged,31513,0,0,
9D-15,9D,run-5,845f1f3c-35af-49fb-a244-afc49d15b939,1,success,done,openrouter,deepseek/deepseek-v4.1-flash,DeepInfra,1,1,4aa7bc194f60,0.0,42,5m,928,3011,896,0,0.00127286,charged,74474,0,0,
9D-16,9D,run-1,ba53e768-9a72-4f5c-a49b-fffc6aee5de1,1,success,done,openrouter,deepseek/deepseek-v4.1-flash,DeepInfra,1,1,4aa7bc194f60,0.0,42,5m,952,1792,768,0,0.00078163,charged,33581,0,0,
9D-16,9D,run-2,c0c4bedf-11dc-4f24-9e2b-1ccbede67973,1,success,done,openrouter,deepseek/deepseek-v4.1-flash,DeepInfra,1,1,4aa7bc194f60,0.0,42,5m,952,2266,896,0,0.00096332,charged,31040,0,0,
9D-16,9D,run-3,ce9f0eac-28d7-4706-b71f-95f6017f16eb,1,success,done,openrouter,deepseek/deepseek-v4.1-flash,DeepInfra,1,1,4aa7bc194f60,0.0,42,5m,952,1886,768,0,0.00082111,charged,40950,0,0,
9D-16,9D,run-4,9af7504f-0415-4e47-848f-2a69326a9fbf,1,success,done,openrouter,deepseek/deepseek-v4.1-flash,DeepInfra,1,1,4aa7bc194f60,0.0,42,5m,952,2428,896,0,0.00103136,charged,37704,0,0,
9D-16,9D,run-5,31f7af01-975b-4e2a-93bf-2bb644619fa2,1,success,done,openrouter,deepseek/deepseek-v4.1-flash,DeepInfra,1,1,4aa7bc194f60,0.0,42,5m,952,2218,896,0,0.00094316,charged,37370,0,0,
9D-17,9D,run-1,58edcb35-e10d-41ed-968c-17bc8494e02e,1,success,done,openrouter,deepseek/deepseek-v4.1-flash,DeepInfra,1,1,4aa7bc194f60,0.0,42,5m,901,1590,768,0,0.00068965,charged,28794,0,0,
9D-17,9D,run-2,c15f525c-b1f2-4d4f-b12b-990e3d76607b,1,success,done,openrouter,deepseek/deepseek-v4.1-flash,DeepInfra,1,1,4aa7bc194f60,0.0,42,5m,901,1708,896,0,0.00072182,charged,22282,0,0,
9D-17,9D,run-3,dd5cb4da-b477-4efd-b49c-7ad4fa949e31,1,success,done,openrouter,deepseek/deepseek-v4.1-flash,DeepInfra,1,1,4aa7bc194f60,0.0,42,5m,901,1836,896,0,0.00077558,charged,37326,0,0,
9D-17,9D,run-4,cff2fb55-bf44-4fef-ac12-3a762d901e36,1,success,done,openrouter,deepseek/deepseek-v4.1-flash,DeepInfra,1,1,4aa7bc194f60,0.0,42,5m,901,1545,896,0,0.00065336,charged,27029,0,0,
9D-17,9D,run-5,e8a7a492-7468-4f06-a7ce-dfc1006edb1f,1,success,done,openrouter,deepseek/deepseek-v4.1-flash,DeepInfra,1,1,4aa7bc194f60,0.0,42,5m,3299,2714,3200,0,0.00116718,charged,41085,1,1,citacoes
